Ciudad,tipo,descripespecif,metrajeconstruc,metrajeterreno,precio,unidadterreno
QUEVEDO,VENTA,PILADORA,14830000.0,40000.0,1100000.0,m2
PORTOVIEJO,VENTA,CASA,420.0,1800.0,320000.0,m2
STO. DOMINGO,VENTA,CASA,1483.0,1480.0,70000.0,m2
GUAYAQUIL,VENTA,EDIFICIO,1784.0,400.0,630000.0,m2
GUAYAQUIL,VENTA,CASA,300.0,400.0,135000.0,m2
GUAYAQUIL,VENTA,LOTE,1483.0,25.0,2500.0,m2
QUITO,VENTA,CASA,450.0,4000.0,290000.0,m2
GUAYAQUIL,VENTA,CASA,280.0,140.0,58000.0,m2
GUAYAQUIL,VENTA,CASA,100.0,104.0,24000.0,m2
GUAYAQUIL,VENTA,TERRENO,1483.0,200.0,12000.0,m2
AYANGUE,VENTA,TERRENO,1483.0,3600.0,108000.0,m2
EL TRIUNFO,VENTA,TERRENO,1483.0,1400.0,130000.0,m2
AYANGUE,VENTA,TERRENO,1483.0,10000.0,80000.0,m2
GUAYAQUIL,VENTA,CASA,299.0,120.0,150000.0,m2
GUAYAQUIL,VENTA,DEPARTAMENTO,307.0,2328.0,78000.0,m2
GUAYAQUIL,VENTA,VILLA,600.0,2400.0,800000.0,m2
GUAYAQUIL,VENTA,CONDOMINIO,1860.0,1800.0,1200000.0,m2
GUAYAQUIL,VENTA,CASA,550.0,950.0,780000.0,m2
GUAYAQUIL,VENTA,TERRENO,1483.0,1800.0,90000.0,m2
QUITO,VENTA,CASA,700.0,333.0,170000.0,m2
RUTA DEL SOL,VENTA,RESTAURANT,1483.0,750.0,125000.0,m2
GUAYAQUIL,VENTA,VILLA,455.0,720.0,300000.0,m2
GUAYAQUIL,VENTA,TERRENO,1483.0,500.0,108000.0,m2
GUAYAQUIL,ALQUILER,DEPARTAMENTO,130.0,2328.0,1100.0,m2
GUAYAQUIL,ALQUILER,DEPARTAMENTO,140.0,2328.0,1300.0,m2
GUAYAQUIL,ALQUILER,DEPARTAMENTO,205.0,2328.0,2000.0,m2
GUAYAQUIL,VENTA,DEPARTAMENTO,144.0,2328.0,130000.0,m2
GUAYAQUIL,VENTA,DEPARTAMENTO,130.0,2328.0,92000.0,m2
GUAYAQUIL,VENTA,DEPARTAMENTO,117.0,2328.0,79350.0,m2
GUAYAQUIL,VENTA,TERRENO,1483.0,728.0,72000.0,m2
GUAYAQUIL,VENTA,CONSULTORIO,50.0,2328.0,68000.0,m2
GUAYAQUIL,VENTA,TERRENO,1483.0,1408.0,253440.0,m2
GUAYAQUIL,VENTA,CASA,500.0,670.0,350000.0,m2
GUAYAQUIL,VENTA,DEPARTAMENTO,530.0,2328.0,150000.0,m2
GUAYAQUIL,VENTA,TERRENO,1483.0,2300.0,103000.0,m2
GUAYAQUIL,VENTA,VILLA,190.0,460.0,190000.0,m2
GUAYAQUIL,VENTA,CASA,650.0,780.0,430000.0,m2
GUAYAQUIL,VENTA,DEPARTAMENTO,200.0,2328.0,138000.0,m2
GUAYAQUIL,ALQUILER,SUITE,120.0,2328.0,1500.0,m2
QUITO,VENTA,CASA,551.0,441.0,249999.0,m2
MANTA,VENTA,OFICINA,90.0,2328.0,86000.0,m2
GUAYAQUIL,VENTA,TERRENO,1483.0,325.0,45000.0,m2
GUAYAQUIL,VENTA,VILLA,700.0,390.0,190000.0,m2
GUAYAQUIL,VENTA,CASA,700.0,1360.0,650000.0,m2
GUAYAQUIL,VENTA,CASA,850.0,900.0,600000.0,m2
SALINAS,VENTA,DEPARTAMENTO,120.0,2328.0,50000.0,m2
RUTA DEL SOL,VENTA,CASA,500.0,2000.0,340000.0,m2
GUAYAQUIL,VENTA,CASA,650.0,2000.0,370000.0,m2
GUAYAQUIL,VENTA,VILLA,660.0,1020.0,290000.0,m2
GUAYAQUIL,VENTA,TERRENO,1483.0,1300.0,26000.0,m2
PLAYAS,VENTA,CASA,410.0,243.0,67500.0,m2
GUAYAQUIL,VENTA,CASA,440.0,343.0,150000.0,m2
GUAYAQUIL,VENTA,CASA,370.0,300.0,180000.0,m2
GUAYAQUIL,VENTA,TERRENO,1483.0,566.0,30000.0,m2
GUAYAQUIL,ALQUILER,DEPARTAMENTO,160.0,2328.0,1400.0,m2
GUAYAQUIL,VENTA,CASA,550.0,830.0,500000.0,m2
SALINAS,ALQUILER,VILLA,500.0,3000.0,1750.0,m2
GUAYAQUIL,VENTA,DEPARTAMENTO,117.0,2328.0,85000.0,m2
GUAYAQUIL,VENTA,VILLA,660.0,1000.0,350000.0,m2
GUAYAQUIL,VENTA,CASA,400.0,400.0,150000.0,m2
GUAYAQUIL,VENTA,VILLA,230.0,240.0,115000.0,m2
SALINAS,VENTA,CASA DUPLEX,75.0,100.0,35000.0,m2
GUAYAQUIL,VENTA,VILLA,186.0,335.0,160000.0,m2
GUAYAQUIL,VENTA,CASA,250.0,270.0,110000.0,m2
GUAYAQUIL,VENTA,DEPARTAMENTO,126.0,2328.0,87000.0,m2
SALINAS,VENTA,TERRENO,1483.0,329.0,29800.0,m2
GUAYAQUIL,VENTA,CONSULTORIO,60.0,2328.0,79900.0,m2
MANTA,VENTA,CASA,644.0,1118.0,350000.0,m2
GUAYAQUIL,VENTA,VILLA,380.0,500.0,450000.0,m2
GUAYAQUIL,VENTA,SUITE,48.0,2328.0,80000.0,m2
RUTA DEL SOL,VENTA,CASA,55.0,116.0,43000.0,m2
GUAYAQUIL,VENTA,CASA,280.0,153.0,92000.0,m2
GUAYAQUIL,VENTA,Muelle Con Muro De Contención,448.69,1150.0,500000.0,m2
LAS PALMAS,VENTA,FINCA,4000000.0,170000.0,220000.0,m2
QUITO,VENTA,DEPARTAMENTO,160.0,2328.0,85000.0,m2
QUITO,VENTA,CASA,300.0,700.0,300000.0,m2
GUAYAQUIL,ALQUILER,OFICINA,250.0,2328.0,3500.0,m2
PUNTA BLANCA,VENTA,SUITE,61.0,2328.0,72000.0,m2
GUAYAQUIL,VENTA,OFICINA,125.0,2328.0,90000.0,m2
SALINAS,VENTA,VILLA,160.0,350.0,99000.0,m2
PORTOVIEJO,VENTA,MOTEL,898.0,6662.0,400000.0,m2
GUAYAQUIL,VENTA,VILLA,800.0,1380.0,650000.0,m2
GUAYAQUIL,VENTA,TERRENO,1483.0,3653.0,584480.0,m2
GUAYAQUIL,VENTA,EDIFICIO,1276.0,343.0,600000.0,m2
PUNTA BLANCA,VENTA,DEPARTAMENTO,110.0,2328.0,83500.0,m2
GUAYAQUIL,VENTA,CASA,1000.0,1000.0,290000.0,m2
ESMERALDAS,VENTA,TERRENO,1483.0,3000.0,120000.0,m2
GUAYAQUIL,VENTA,DEPARTAMENTO,165.0,2328.0,90000.0,m2
GUAYAQUIL,VENTA,Galpón,1128.0,1250.0,250000.0,m2
RIOBAMBA,VENTA,CASA,32031.0,28375.0,150000.0,m2
GUAYAQUIL,VENTA,EDIFICIO,838.0,263.0,390000.0,m2
GUAYAQUIL,ALQUILER,EDIFICIO,838.0,263.0,5900.0,m2
GUAYAQUIL,VENTA,CASA,230.0,350.0,190000.0,m2
CUENCA,VENTA,QUINTA,250.0,15.0,95000.0,m2
GUAYAQUIL,VENTA,VILLA,380.0,480.0,132000.0,m2
MANTA,VENTA,TERRENO,1483.0,650.0,60000.0,m2
GUAYAQUIL,VENTA,CASA,278.0,190.0,115000.0,m2
GUAYAQUIL,VENTA,CASA,430.0,459.0,300000.0,m2
GUAYAQUIL,VENTA,OFICINA,168.0,2328.0,58800.0,m2
MANTA,VENTA,TERRENO,1483.0,704.0,45000.0,m2
GUAYAQUIL,ALQUILER,CASA,500.0,478.0,1200.0,m2
SALINAS,VENTA,CASA,100.0,300.0,65000.0,m2
RUTA DEL SOL,VENTA,DEPARTAMENTO,155.0,2328.0,130000.0,m2
QUITO,VENTA,CASA,580.0,480.0,160000.0,m2
QUITO,VENTA,CASA,300.0,1200.0,375000.0,m2
GUAYAQUIL,VENTA,TERRENO,1483.0,262.0,45850.0,m2
GUAYAQUIL,VENTA,CLUB DE EVENTOS,420.0,330.0,148000.0,m2
GUAYAQUIL,VENTA,VILLA,650.0,550.0,225000.0,m2
GUAYAQUIL,VENTA,DEPARTAMENTO,212.0,2328.0,90000.0,m2
GUAYAQUIL,VENTA,VILLA,400.0,360.0,125000.0,m2
GUAYAQUIL,VENTA,TERRENO,1483.0,1743.0,244020.0,m2
GUAYAQUIL,VENTA,VILLA,168.0,256.0,140000.0,m2
GUAYAQUIL,ALQUILER,CASA,745.0,540.0,2500.0,m2
QUITO,VENTA,DEPARTAMENTO,130.0,2328.0,65000.0,m2
GUAYAQUIL,VENTA,CASA,380.0,800.0,225000.0,m2
GUAYAQUIL,ALQUILER,LOCAL,505.0,2328.0,3500.0,m2
GUAYAQUIL,VENTA,DEPARTAMENTO,151.0,2328.0,165000.0,m2
GUAYAQUIL,VENTA,DEPARTAMENTO,240.0,2328.0,192000.0,m2
GUAYAQUIL,VENTA,EDIFICIO,1500.0,211.0,580000.0,m2
GUAYAQUIL,VENTA,OFICINA,300.0,2328.0,216000.0,m2
GUAYAQUIL,VENTA,TERRENO,1483.0,473.0,150000.0,m2
GUAYAQUIL,ALQUILER,SUITE,60.0,2328.0,850.0,m2
GUAYAQUIL,ALQUILER,DEPARTAMENTO,162.0,2328.0,1300.0,m2
PACOA,VENTA,TERRENO,1483.0,612.0,20808.0,m2
SALINAS,VENTA,DEPARTAMENTO,130.0,2328.0,135000.0,m2
GUAYAQUIL,VENTA,VILLA,350.0,400.0,148000.0,m2
GUAYAQUIL,VENTA,VILLA,500.0,816.0,222000.0,m2
GUAYAQUIL,VENTA,VILLA,300.0,300.0,155000.0,m2
GUAYAQUIL,VENTA,VILLA,240.0,200.0,135000.0,m2
GUAYAQUIL,VENTA,DEPARTAMENTO,190.0,2328.0,149000.0,m2
GUAYAQUIL,VENTA,DEPARTAMENTO,315.0,2328.0,380000.0,m2
GUAYAQUIL,VENTA,CASA,500.0,500.0,250000.0,m2
GUAYAQUIL,VENTA,DEPARTAMENTO,90.0,2328.0,69000.0,m2
PORTOVIEJO,VENTA,EDIFICIO,1250.0,250.0,800000.0,m2
GUAYAQUIL,ALQUILER,OFICINA,164.0,2328.0,550.0,m2
GUAYAQUIL,VENTA,VILLA,750.0,1100.0,375000.0,m2
GUAYAQUIL,VENTA,VILLA,290.0,440.0,214000.0,m2
GUAYAQUIL,ALQUILER,VILLA,250.0,2328.0,2500.0,m2
GUAYAQUIL,VENTA,CASA,380.0,600.0,350000.0,m2
RUTA DEL SOL,VENTA,DEPARTAMENTO,180.0,2328.0,180000.0,m2
GUAYAQUIL,VENTA,VILLA,420.0,366.0,350000.0,m2
LOJA,VENTA,CASA,180.0,274.0,46000.0,m2
GUAYAQUIL,VENTA,VILLA,700.0,2000.0,750000.0,m2
SALINAS,VENTA,DEPARTAMENTO,200.0,2328.0,249000.0,m2
GUAYAQUIL,VENTA,OFICINA,160.0,2328.0,244200.0,m2
GUAYAQUIL,VENTA,CASA,700.0,1987.0,750000.0,m2
GUAYAQUIL,VENTA,DEPARTAMENTO,178.0,2328.0,220000.0,m2
GUAYAQUIL,ALQUILER,LOCAL,300.0,2328.0,3000.0,m2
GUAYAQUIL,VENTA,OFICINA,190.0,2328.0,70000.0,m2
GUAYAQUIL,ALQUILER,DEPARTAMENTO,80.0,2328.0,775.0,m2
GUAYAQUIL,ALQUILER,OFICINA,88.0,2328.0,900.0,m2
GUAYAQUIL,VENTA,TERRENO,1483.0,780.0,148200.0,m2
GUAYAQUIL,VENTA,DEPARTAMENTO,255.0,325.0,160000.0,m2
GUAYAQUIL,VENTA,VILLA,270.0,300.0,185000.0,m2
GUAYAQUIL,VENTA,CASA,903.0,298.0,180000.0,m2
GUAYAQUIL,ALQUILER,DEPARTAMENTO,165.0,2328.0,2000.0,m2
GUAYAQUIL,VENTA,DEPARTAMENTO,250.0,2328.0,100000.0,m2
GUAYAQUIL,VENTA,TERRENO,1483.0,500.0,98068.0,m2
GUAYAQUIL,VENTA,VILLA,160.0,198.0,95000.0,m2
MACHALA,VENTA,EDIFICIO,506.0,118.0,220000.0,m2
GUAYAQUIL,VENTA,DEPARTAMENTO,270.0,2328.0,350000.0,m2
GUAYAQUIL,VENTA,OFICINA,45.0,2328.0,81000.0,m2
GUAYAQUIL,ALQUILER,OFICINA,750.0,1615.0,6000.0,m2
GUAYAQUIL,ALQUILER,CASA,860.0,956.0,4000.0,m2
RUTA DEL SOL,VENTA,TERRENO,1483.0,850.0,25500.0,m2
GUAYAQUIL,VENTA,TERRENO,1483.0,400.0,65000.0,m2
GUAYAQUIL,VENTA,TERRENO,1483.0,2800.0,280000.0,m2
GUAYAQUIL,VENTA,SUITE,54.0,2328.0,75000.0,m2
GUAYAQUIL,VENTA,VILLA,270.0,300.0,198000.0,m2
GUAYAQUIL,VENTA,TERRENO,1483.0,7679.0,191993.0,m2
GUAYAQUIL,VENTA,LOCAL,450.0,2328.0,700000.0,m2
GUAYAQUIL,ALQUILER,LOCAL,450.0,2328.0,3800.0,m2
GUAYAQUIL,VENTA,LOCAL,1803.0,3747.0,1100000.0,m2
GUAYAQUIL,VENTA,CONDOMINIO,736.0,260.0,368000.0,m2
GUAYAQUIL,VENTA,BODEGA,200.0,2328.0,110000.0,m2
GUAYAQUIL,VENTA,CASA,400.0,300.0,130000.0,m2
GUAYAQUIL,VENTA,VILLA,480.0,800.0,480000.0,m2
GUAYAQUIL,VENTA,VILLA,450.0,810.0,200000.0,m2
GUAYAQUIL,VENTA,TERRENO,1483.0,1680.0,100800.0,m2
MANTA,VENTA,TERRENO,1483.0,4395.0,74715.0,m2
GUAYAQUIL,VENTA,VILLA,356.0,630.0,175000.0,m2
GUAYAQUIL,VENTA,VILLA,350.0,300.0,150000.0,m2
GUAYAQUIL,VENTA,VILLA,400.0,457.0,250000.0,m2
GUAYAQUIL,VENTA,CASA,621.0,1453.0,600000.0,m2
GUAYAQUIL,VENTA,DEPARTAMENTO,127.0,2328.0,105000.0,m2
GUAYAQUIL,VENTA,CASA,250.0,180.0,115000.0,m2
GUAYAQUIL,VENTA,VILLA,328.0,222.0,180000.0,m2
SALINAS,VENTA,VILLA,250.0,300.0,79500.0,m2
GUAYAQUIL,VENTA,CASA,480.0,500.0,200000.0,m2
GUAYAQUIL,VENTA,VILLA,250.0,230.0,155000.0,m2
GUAYAQUIL,VENTA,CASA,120.0,7000.0,90000.0,m2
GUAYAQUIL,VENTA,CASA,400.0,5375.0,130000.0,m2
GUAYAQUIL,VENTA,CASA,720.0,600.0,300000.0,m2
GUAYAQUIL,VENTA,DEPARTAMENTO,188.0,2328.0,120000.0,m2
PORTOVIEJO,VENTA,TERRENO,1483.0,63116.0,1950000.0,m2
MANTA,VENTA,FABRICA,1500.0,4000.0,500000.0,m2
SALINAS,VENTA,CASA,450.0,313.0,375000.0,m2
GUAYAQUIL,VENTA,CASA,136.0,143.0,62000.0,m2
GUAYAQUIL,VENTA,CASA,308.0,180.0,105000.0,m2
MACHALA,VENTA,CASA,380.0,1200.0,249000.0,m2
GUAYAQUIL,VENTA,TERRENO,1483.0,123400.0,1110600.0,m2
GUAYAQUIL,VENTA,VILLA,750.0,1000.0,750000.0,m2
GUAYAQUIL,VENTA,CASA,360.0,800.0,180000.0,m2
GUAYAQUIL,VENTA,DEPARTAMENTO,240.0,2328.0,120000.0,m2
GUAYAQUIL,VENTA,OFICINA,224.0,2328.0,147000.0,m2
GUAYAQUIL,VENTA,CASA,400.0,400.0,239000.0,m2
GUAYAQUIL,VENTA,TERRENO,1483.0,38884.0,1300000.0,m2
RIOBAMBA,VENTA,CASA,120.0,300.0,139000.0,m2
QUITO,VENTA,CASA,77.0,2328.0,43000.0,m2
RIOBAMBA,VENTA,Hotel,1483.0,40000.0,390000.0,m2
GUAYAQUIL,ALQUILER,OFICINA,130.0,2328.0,1350.0,m2
GUAYAQUIL,VENTA,CASA,357.0,366.0,350000.0,m2
GUAYAQUIL,VENTA,CASA,400.0,560.0,335000.0,m2
GUAYAQUIL,VENTA,CASA,125.0,150.0,40000.0,m2
GUAYAQUIL,VENTA,CASA,480.0,475.0,380000.0,m2
GUAYAQUIL,VENTA,CASA,200.0,211.0,130000.0,m2
GUAYAQUIL,VENTA,CASA,82.0,152.0,56000.0,m2
GUAYAQUIL,VENTA,CASA,550.0,400.0,350000.0,m2
GUAYAQUIL,VENTA,CASA,120.0,189.0,92000.0,m2
GUAYAQUIL,VENTA,VILLA,225.0,240.0,145000.0,m2
GUAYAQUIL,VENTA,VILLA,350.0,280.0,150000.0,m2
GUAYAQUIL,VENTA,DEPARTAMENTO,140.0,2328.0,140000.0,m2
GUAYAQUIL,VENTA,VILLA,310.0,500.0,295000.0,m2
GUAYAQUIL,VENTA,DEPARTAMENTO,134.0,2328.0,147400.0,m2
GUAYAQUIL,VENTA,VILLA,450.0,900.0,650000.0,m2
GUAYAQUIL,VENTA,VILLA,302.0,650.0,180000.0,m2
GUAYAQUIL,VENTA,OTROS,16.0,16.0,7000.0,m2
QUITO,VENTA,CASA,940.0,1000.0,160000.0,m2
GUAYAQUIL,VENTA,SUITE,70.0,2328.0,128000.0,m2
GUAYAQUIL,VENTA,VILLA,500.0,520.0,260000.0,m2
MANTA,VENTA,CASA,270.0,183.0,55000.0,m2
GUAYAQUIL,ALQUILER,VILLA,730.0,1000.0,5500.0,m2
GUAYAQUIL,ALQUILER,DEPARTAMENTO,450.0,2328.0,3500.0,m2
GUAYAQUIL,VENTA,DEPARTAMENTO,450.0,2328.0,567000.0,m2
GUAYAQUIL,VENTA,TERRENO,1483.0,1194.0,170000.0,m2
GUAYAQUIL,VENTA,TERRENO,14830000.0,140000.0,1400000.0,m2
GUAYAQUIL,VENTA,VILLA,465.0,900.0,245000.0,m2
GUAYAQUIL,VENTA,DEPARTAMENTO,144.0,2328.0,88000.0,m2
GUAYAQUIL,VENTA,BODEGA,1078.0,1600.0,197000.0,m2
GUAYAQUIL,VENTA,CASA DUPLEX,260.0,2328.0,155000.0,m2
GUAYAQUIL,VENTA,CASA,160.0,367.0,120000.0,m2
PLAYAS,VENTA,CASA,1483.0,300.0,120000.0,m2
GUAYAQUIL,VENTA,PLANTEL,535.0,327.0,130000.0,m2
GUAYAQUIL,VENTA,DEPARTAMENTO,133.0,2328.0,145000.0,m2
GUAYAQUIL,VENTA,CASA,240.0,312.0,19000.0,m2
GUAYAQUIL,VENTA,CONDOMINIO,420.0,160.0,190000.0,m2
GUAYAQUIL,ALQUILER,DEPARTAMENTO,250.0,2328.0,850.0,m2
GUAYAQUIL,VENTA,CASA DUPLEX,166.0,171.0,115000.0,m2
GUAYAQUIL,VENTA,VILLA,550.0,956.0,350000.0,m2
GUAYAQUIL,VENTA,CASA,240.0,287.0,185000.0,m2
CAÑAR,VENTA,Complejo,200000000.0,40000.0,300000.0,m2
STA. ELENA,VENTA,TERRENO,1483.0,3500.0,35000.0,m2
GUAYAQUIL,VENTA,DEPARTAMENTO,211.0,2328.0,100000.0,m2
QUITO,VENTA,CASA,180.0,110.0,115000.0,m2
GUAYAQUIL,VENTA,DEPARTAMENTO,480.0,1082.0,600000.0,m2
GUAYAQUIL,ALQUILER,PENTHOUSE,140.0,2328.0,1000.0,m2
GUAYAQUIL,VENTA,DEPARTAMENTO,113.0,113.0,93000.0,m2
GUAYAQUIL,VENTA,CASA,400.0,800.0,280000.0,m2
SALINAS,VENTA,TERRENO,1483.0,448.0,330000.0,m2
GUAYAQUIL,VENTA,DEPARTAMENTO,160.0,2328.0,65000.0,m2
GUAYAQUIL,VENTA,BODEGA,467.0,695.0,425000.0,m2
GUAYAQUIL,VENTA,TERRENO,1483.0,1107.0,21000.0,m2
GUAYAQUIL,VENTA,TERRENO,1483.0,20185.0,13120250.0,m2
GUAYAQUIL,VENTA,DEPARTAMENTO,200.0,2328.0,135000.0,m2
GUAYAQUIL,VENTA,TERRENO,1483.0,1730.0,850000.0,m2
GUAYAQUIL,VENTA,DEPARTAMENTO,220.0,2328.0,115000.0,m2
GUAYAQUIL,VENTA,TERRENO,1483.0,820.0,106600.0,m2
GUAYAQUIL,VENTA,VILLA,540.0,740.0,180000.0,m2
GUAYAQUIL,VENTA,CASA,280.44,40070.0,95000.0,m2
GUAYAQUIL,VENTA,DEPARTAMENTO,198.0,2328.0,210000.0,m2
RUTA DEL SOL,VENTA,CASA,100.0,950.0,90000.0,m2
GUAYAQUIL,VENTA,DEPARTAMENTO,180.0,2328.0,80000.0,m2
RUTA DEL SOL,VENTA,CASA,200.0,2000.0,150000.0,m2
GUAYAQUIL,VENTA,BODEGA,4800.0,9000.0,1500000.0,m2
GUAYAQUIL,VENTA,TERRENO,1483.0,720.0,280000.0,m2
NARANJAL,VENTA,CASA,230.0,111.0,83000.0,m2
GUAYAQUIL,ALQUILER,OFICINA,150.0,2328.0,1100.0,m2
GUAYAQUIL,VENTA,TERRENO,1483.0,10689.0,331000.0,m2
GUAYAQUIL,VENTA,TERRENO,1483.0,7094.0,5000000.0,m2
GUAYAQUIL,ALQUILER,OFICINA,24.0,2328.0,550.0,m2
GUAYAQUIL,VENTA,EDIFICIO,988.0,648.0,490000.0,m2
GUAYAQUIL,ALQUILER,SUITE,55.0,2328.0,850.0,m2
GUAYAQUIL,VENTA,EDIFICIO,205.0,310.0,480000.0,m2
GUAYAQUIL,VENTA,OFICINA,100.0,2328.0,57000.0,m2
GUAYAQUIL,ALQUILER,OFICINA,215.0,2328.0,1200.0,m2
GUAYAQUIL,ALQUILER,CASA,550.0,700.0,3500.0,m2
GUAYAQUIL,VENTA,CASA,171.0,191.0,118000.0,m2
GUAYAQUIL,VENTA,TERRENO,1483.0,30000.0,3000000.0,m2
GUAYAQUIL,ALQUILER,OFICINA,1170.0,2328.0,4095.0,m2
GUAYAQUIL,ALQUILER,BODEGA,2166.0,2328.0,4500.0,m2
GUAYAQUIL,VENTA,BODEGA,1483.0,4369.0,900000.0,m2
GUAYAQUIL,VENTA,CASA,356.0,630.0,165000.0,m2
GUAYAQUIL,VENTA,CASA,140.0,208.0,95000.0,m2
GUAYAQUIL,VENTA,CASA DUPLEX,138.0,2328.0,99900.0,m2
GUAYAQUIL,VENTA,CASA DUPLEX,168.0,138.0,115000.0,m2
GUAYAQUIL,VENTA,TERRENO,1483.0,250.0,28850.0,m2
GUAYAQUIL,VENTA,CASA,190.0,332.0,70000.0,m2
GUAYAQUIL,VENTA,CASA,460.0,190.0,360000.0,m2
GUAYAQUIL,VENTA,EDIFICIO,1068.0,2328.0,350000.0,m2
GUAYAQUIL,VENTA,Hotel,3862.0,544.0,3000000.0,m2
GUAYAQUIL,VENTA,LOCAL,329.08,866.0,400000.0,m2
GUAYAQUIL,VENTA,OFICINA,1317.0,2328.0,350000.0,m2
GUAYAQUIL,VENTA,TERRENO,1483.0,1280.0,40000.0,m2
GUAYAQUIL,VENTA,DEPARTAMENTO,210.0,158.0,93000.0,m2
GUAYAQUIL,VENTA,CASA,519.0,496.0,550000.0,m2
GUAYAQUIL,VENTA,CASA,265.0,260.0,200000.0,m2
PUNTA CARNERO,VENTA,CASA,750.0,2328.0,85000.0,m2
GUAYAQUIL,VENTA,TERRENO,1483.0,4000.0,1200000.0,m2
QUITO,VENTA,CASA,186.0,285.0,114990.0,m2
AMBATO,VENTA,CASA,311.0,319.0,320000.0,m2
GUAYAQUIL,VENTA,TERRENO,1483.0,940.0,120000.0,m2
GUAYAQUIL,VENTA,DEPARTAMENTO,480.0,2328.0,408000.0,m2
GUAYAQUIL,VENTA,DEPARTAMENTO,330.0,2328.0,390000.0,m2
GUAYAQUIL,VENTA,VILLA,204.0,450.0,190000.0,m2
GUAYAQUIL,VENTA,BODEGA,1794.0,1812.0,580000.0,m2
GUAYAQUIL,ALQUILER,SUITE,84.0,2328.0,635.0,m2
GUAYAQUIL,ALQUILER,OFICINA,57.0,2328.0,805.0,m2
RUTA DEL SOL,VENTA,TERRENO,1483.0,300.0,13000.0,m2
GUAYAQUIL,VENTA,TERRENO,1483.0,3627.0,3627000.0,m2
GUAYAQUIL,VENTA,DEPARTAMENTO,250.0,2328.0,180000.0,m2
GUAYAQUIL,VENTA,CASA,200.0,300.0,175000.0,m2
PARROQUIA COLÓN,VENTA,CASA,120000.0,19600000.0,190000.0,m2
QUITO,VENTA,CASA DUPLEX,280.0,2328.0,190000.0,m2
GUAYAQUIL,ALQUILER,LOCAL,100.0,2328.0,1200.0,m2
GUAYAQUIL,VENTA,CONDOMINIO,830.0,560.0,475000.0,m2
GUAYAQUIL,VENTA,DEPARTAMENTO,169.0,2328.0,125000.0,m2
MANABI,VENTA,HOTEL,1483.0,100000.0,2500000.0,m2
GUAYAQUIL,VENTA,CASA,200.0,288.0,180000.0,m2
MANTA,VENTA,Hotel,200.0,240.0,200000.0,m2
MANTA,VENTA,Hotel,500.0,1500.0,400000.0,m2
GUAYAQUIL,VENTA,CASA,400.0,2328.0,190000.0,m2
GUAYAQUIL,VENTA,LOCAL,69.0,2328.0,60000.0,m2
GUAYAQUIL,VENTA,CASA,200.0,2328.0,90000.0,m2
GUAYAQUIL,VENTA,CASA,380.0,422.0,118000.0,m2
GUAYAQUIL,VENTA,TERRENO,1483.0,218.0,32000.0,m2
GUAYAQUIL,VENTA,CASA,500.0,2000.0,350000.0,m2
GUAYAQUIL,VENTA,DEPARTAMENTO,116.0,2328.0,92000.0,m2
GUAYAQUIL,ALQUILER,OFICINA,180.0,2328.0,900.0,m2
RUTA DEL SOL,VENTA,TERRENO,1483.0,546.0,31000.0,m2
GUAYAQUIL,VENTA,CASA,194.0,390.0,169000.0,m2
GUAYAQUIL,ALQUILER,DEPARTAMENTO,230.0,2328.0,1800.0,m2
LOS RIOS,VENTA,INGENIO,14830000.0,1040000.0,1850000.0,m2
GUAYAQUIL,ALQUILER,DEPARTAMENTO,180.0,2328.0,1500.0,m2
GUAYAQUIL,VENTA,DEPARTAMENTO,635.0,635.0,743000.0,m2
GUAYAQUIL,ALQUILER,LOCAL,50.0,2328.0,200.0,m2
GUAYAQUIL,VENTA,OFICINA,354.0,2328.0,240000.0,m2
GUAYAQUIL,VENTA,CASA,1055.0,898.0,270000.0,m2
VINCES,VENTA,Hacienda,945000.0,2328.0,945000.0,m2
GUAYAQUIL,VENTA,CASA,254.0,356.0,195000.0,m2
GUAYAQUIL,VENTA,EDIFICIO,2050.0,950.0,650000.0,m2
GUAYAQUIL,VENTA,CASA,470.0,700.0,410000.0,m2
SALINAS,VENTA,DEPARTAMENTO,195.0,231.0,300000.0,m2
GUAYAQUIL,VENTA,OTROS,985000.0,2328.0,594000.0,m2
GUAYAQUIL,VENTA,DEPARTAMENTO,268.0,2328.0,358000.0,m2
GUAYAQUIL,VENTA,DEPARTAMENTO,295.0,2328.0,345000.0,m2
GUAYAQUIL,ALQUILER,LOCAL,88.0,2328.0,2200.0,m2
GUAYAQUIL,VENTA,CASA,290.0,200.0,130000.0,m2
SALINAS,VENTA,VILLA,328.0,512.0,350000.0,m2
SALINAS,VENTA,VILLA,210.0,700.0,180000.0,m2
GUAYAQUIL,VENTA,VILLA,350.0,560.0,215000.0,m2
GUAYAQUIL,VENTA,DEPARTAMENTO,115.0,2328.0,95000.0,m2
GUAYAQUIL,VENTA,CASA,371.0,401.0,268530.0,m2
GUAYAQUIL,ALQUILER,VILLA,260.0,2328.0,2000.0,m2
GUAYAQUIL,VENTA,TERRENO,1483.0,3050.0,35000.0,m2
PLAYAS,VENTA,TERRENO,1483.0,10400.0,364000.0,m2
PLAYAS,VENTA,CASA,170.0,900.0,78000.0,m2
PLAYAS,VENTA,CASA,400.0,4000.0,490000.0,m2
GUAYAQUIL,VENTA,DEPARTAMENTO,316.0,2328.0,169000.0,m2
GUAYAQUIL,VENTA,CONSULTORIO,40.0,2328.0,70368.0,m2
GUAYAQUIL,ALQUILER,CONSULTORIO,40.0,2328.0,450.0,m2
GUAYAQUIL,VENTA,TERRENO,1483.0,195.0,58000.0,m2
QUITO,VENTA,CASA,105.0,2328.0,70000.0,m2
PLAYAS,VENTA,TERRENO,1483.0,842.0,84200.0,m2
PLAYAS,VENTA,TERRENO,1483.0,35802.0,1253000.0,m2
RUTA DEL SOL,VENTA,VILLA,140.0,250.0,45000.0,m2
PUNTA BLANCA,ALQUILER,VILLA,250.0,750.0,4500.0,m2
SALINAS,VENTA,DEPARTAMENTO,148.0,2328.0,140000.0,m2
GUAYAQUIL,VENTA,CASA,101.0,2328.0,64000.0,m2
GUAYAQUIL,ALQUILER,OFICINA,303.0,2328.0,5700.0,m2
GUAYAQUIL,VENTA,CASA,450.0,1250.0,450000.0,m2
GUAYAQUIL,VENTA,CASA,600.0,2332.0,1150000.0,m2
MANTA,VENTA,EDIFICIO,946.0,270.0,250000.0,m2
GUAYAQUIL,ALQUILER,CASA,311.0,353.0,1350.0,m2
GUAYAQUIL,VENTA,CASA,330.0,503.0,350000.0,m2
GUAYAQUIL,VENTA,TERRENO,1483.0,250.0,27000.0,m2
GUAYAQUIL,ALQUILER,VILLA,260.0,2328.0,2200.0,m2
GUAYAQUIL,ALQUILER,DEPARTAMENTO,120.0,2328.0,1100.0,m2
GUAYAQUIL,ALQUILER,DEPARTAMENTO,120.0,2328.0,1200.0,m2
RUTA DEL SOL,VENTA,TERRENO,1483.0,684.0,32400.0,m2
RUTA DEL SOL,VENTA,CASA,600.0,5100.0,850000.0,m2
RUTA DEL SOL,VENTA,TERRENO,1483.0,1951.0,170000.0,m2
RUTA DEL SOL,VENTA,TERRENO,1483.0,30000.0,390000.0,m2
GUAYAQUIL,VENTA,VILLA,520.0,780.0,480000.0,m2
GUAYAQUIL,VENTA,DEPARTAMENTO,304.0,2328.0,175000.0,m2
GUAYAQUIL,ALQUILER,DEPARTAMENTO,50.0,2328.0,500.0,m2
GUAYAQUIL,VENTA,DEPARTAMENTO,200.0,200.0,120000.0,m2
GUAYAQUIL,VENTA,DEPARTAMENTO,250.0,250.0,170000.0,m2
GUAYAQUIL,VENTA,OFICINA,303.0,2328.0,575550.0,m2
SALINAS,ALQUILER,CASA,600.0,2328.0,1500.0,m2
SALINAS,VENTA,CASA,214.0,214.0,55000.0,m2
GUAYAQUIL,ALQUILER,OFICINA,42.0,2328.0,600.0,m2
MANTA,VENTA,CASA,250.0,2250.0,120000.0,m2
RUTA DEL SOL,VENTA,TERRENO,1483.0,4000.0,200000.0,m2
GUAYAQUIL,VENTA,DEPARTAMENTO,196.0,2328.0,185000.0,m2
GUAYAQUIL,VENTA,TERRENO,1483.0,718.0,165000.0,m2
GUAYAQUIL,ALQUILER,OFICINA,70.0,2328.0,1500.0,m2
GUAYAQUIL,ALQUILER,OFICINA,52.0,2328.0,800.0,m2
GUAYAQUIL,ALQUILER,BODEGA,1300.0,2328.0,4500.0,m2
GUAYAQUIL,ALQUILER,Galpón,340.0,8190.0,2700.0,m2
GUAYAQUIL,VENTA,DEPARTAMENTO,273.0,2328.0,348000.0,m2
GUAYAQUIL,VENTA,DEPARTAMENTO,280.0,2328.0,339000.0,m2
SALINAS,ALQUILER,DEPARTAMENTO,350.0,500.0,800.0,m2
GUAYAQUIL,VENTA,VILLA,596.0,1214.0,380000.0,m2
GUAYAQUIL,VENTA,VILLA,600.0,430.0,305000.0,m2
GUAYAQUIL,ALQUILER,OFICINA,45.0,2328.0,650.0,m2
GUAYAQUIL,VENTA,FABRICA,10000.0,32600.0,4200000.0,m2
GUAYAQUIL,VENTA,CASA,322.0,482.0,295000.0,m2
SALINAS,VENTA,DEPARTAMENTO,190.0,2328.0,220000.0,m2
SALINAS,VENTA,DEPARTAMENTO,140.0,2328.0,130000.0,m2
RUTA DEL SOL,VENTA,DEPARTAMENTO,128.0,2328.0,140000.0,m2
RUTA DEL SOL,VENTA,DEPARTAMENTO,136.0,2328.0,125000.0,m2
RUTA DEL SOL,VENTA,VILLA,200.0,1500.0,280000.0,m2
GUAYAQUIL,ALQUILER,OFICINA,54.0,2328.0,750.0,m2
GUAYAQUIL,VENTA,VILLA,600.0,450.0,550000.0,m2
GUAYAQUIL,VENTA,CASA,356.0,854.0,195000.0,m2
RUTA DEL SOL,VENTA,CASA,320.0,10000.0,150000.0,m2
GUAYAQUIL,ALQUILER,VILLA,250.0,2328.0,2500.0,m2
GUAYAQUIL,ALQUILER,DEPARTAMENTO,200.0,2328.0,2200.0,m2
GUAYAQUIL,VENTA,TERRENO,1483.0,537.0,111000.0,m2
GUAYAQUIL,ALQUILER,DEPARTAMENTO,250.0,2328.0,2800.0,m2
GUAYAQUIL,VENTA,VILLA,600.0,820.0,315000.0,m2
GUAYAQUIL,ALQUILER,DEPARTAMENTO,127.0,2328.0,1500.0,m2
SALINAS,ALQUILER,DEPARTAMENTO,174.0,2328.0,1200.0,m2
SALINAS,VENTA,CASA,200.0,250.0,80000.0,m2
SALINAS,VENTA,TERRENO,1483.0,160.0,24000.0,m2
SALINAS,VENTA,DEPARTAMENTO,165.0,2328.0,182000.0,m2
GUAYAQUIL,VENTA,TERRENO,1483.0,10689.0,406182.0,m2
RUTA DEL SOL,VENTA,Hotel,400.0,650.0,270000.0,m2
GUAYAQUIL,VENTA,CASA,450.0,530.0,295000.0,m2
GUAYAQUIL,ALQUILER,DEPARTAMENTO,200.0,2328.0,2800.0,m2
GUAYAQUIL,VENTA,LOCAL,133.0,2328.0,250000.0,m2
SALINAS,VENTA,DEPARTAMENTO,86.0,2328.0,86000.0,m2
GUAYAQUIL,VENTA,DEPARTAMENTO,94.0,2328.0,136000.0,m2
GUAYAQUIL,VENTA,TERRENO,1483.0,970.0,125000.0,m2
SALINAS,VENTA,DEPARTAMENTO,488.0,488.0,380000.0,m2
GUAYAQUIL,VENTA,TERRENO,1483.0,7000.0,196000.0,m2
GUAYAQUIL,ALQUILER,VILLA,350.0,2328.0,2500.0,m2
GUAYAQUIL,ALQUILER,DEPARTAMENTO,170.0,2328.0,1500.0,m2
GUAYAQUIL,ALQUILER,DEPARTAMENTO,170.0,2328.0,1300.0,m2
GUAYAQUIL,ALQUILER,DEPARTAMENTO,400.0,2328.0,3800.0,m2
SALINAS,VENTA,DEPARTAMENTO,165.0,2328.0,174000.0,m2
SALINAS,ALQUILER,DEPARTAMENTO,165.0,2328.0,1500.0,m2
GUAYAQUIL,VENTA,DEPARTAMENTO,122.0,2328.0,120000.0,m2
GUAYAQUIL,VENTA,CASA,145.0,225.0,110000.0,m2
GUAYAQUIL,ALQUILER,VILLA,140.0,2328.0,500.0,m2
GUAYAQUIL,VENTA,OFICINA,50.0,2328.0,70000.0,m2
GUAYAQUIL,ALQUILER,SUITE,40.0,2328.0,350.0,m2
GUAYAQUIL,VENTA,DEPARTAMENTO,113.0,2328.0,95000.0,m2
SALINAS,ALQUILER,VILLA,150.0,500.0,600.0,m2
GUAYAQUIL,ALQUILER,DEPARTAMENTO,187.0,2328.0,1300.0,m2
GUAYAQUIL,ALQUILER,DEPARTAMENTO,160.0,2328.0,1300.0,m2
GUAYAQUIL,ALQUILER,CASA,357.0,270.0,2500.0,m2
GUAYAQUIL,VENTA,VILLA,260.0,300.0,195000.0,m2
GUAYAQUIL,VENTA,DEPARTAMENTO,185.0,2328.0,65000.0,m2
SALINAS,VENTA,DEPARTAMENTO,165.0,2328.0,178000.0,m2
RUTA DEL SOL,VENTA,TERRENO,1483.0,19976.0,739112.0,m2
GUAYAQUIL,VENTA,CASA,300.0,250.0,250000.0,m2
GUAYAQUIL,VENTA,CASA,167.0,180.0,120000.0,m2
GUAYAQUIL,VENTA,CASA,600.0,2000.0,320000.0,m2
GUAYAQUIL,VENTA,CASA,150.0,189.0,118000.0,m2
GUAYAQUIL,VENTA,TERRENO,1483.0,1000.0,8000.0,m2
GUAYAQUIL,VENTA,CASA,195.0,307.0,144950.0,m2
GUAYAQUIL,VENTA,TERRENO,1483.0,18057.0,400000.0,m2
GUAYAQUIL,ALQUILER,DEPARTAMENTO,198.0,2328.0,2500.0,m2
GUAYAQUIL,VENTA,VILLA,127.0,161.0,90000.0,m2
GUAYAQUIL,VENTA,DEPARTAMENTO,260.0,2328.0,318000.0,m2
GUAYAQUIL,VENTA,DEPARTAMENTO,500.0,2328.0,550000.0,m2
GUAYAQUIL,VENTA,CASA,250.0,290.0,190000.0,m2
GUAYAQUIL,VENTA,VILLA,598.0,694.0,480000.0,m2
GUAYAQUIL,ALQUILER,VILLA,598.0,520.0,3300.0,m2
GUAYAQUIL,ALQUILER,EDIFICIO,625.0,2328.0,6500.0,m2
QUITO,VENTA,CASA,350.0,700.0,260000.0,m2
GUAYAQUIL,VENTA,TERRENO,1483.0,367.0,58720.0,m2
GUAYAQUIL,VENTA,CASA,600.0,450.0,200000.0,m2
GUAYAQUIL,VENTA,TERRENO,1483.0,420.0,36000.0,m2
GUAYAQUIL,ALQUILER,VILLA,400.0,2328.0,3000.0,m2
GUAYAQUIL,ALQUILER,DEPARTAMENTO,130.0,2328.0,1300.0,m2
GUAYAQUIL,VENTA,DEPARTAMENTO,100.0,2328.0,115000.0,m2
GUAYAQUIL,VENTA,TERRENO,1483.0,420.0,40000.0,m2
GUAYAQUIL,ALQUILER,DEPARTAMENTO,160.0,2328.0,600.0,m2
GUAYAQUIL,VENTA,BODEGA,3408.0,2328.0,1500000.0,m2
SANTA ELENA,VENTA,CASA,256.0,360.0,42000.0,m2
GUAYAQUIL,VENTA,DEPARTAMENTO,185.0,2328.0,70000.0,m2
GUAYAQUIL,VENTA,OFICINA,25.0,2328.0,28000.0,m2
GUAYAQUIL,VENTA,VILLA,236.0,405.0,188000.0,m2
RUTA DEL SOL,VENTA,DEPARTAMENTO,178.0,2328.0,125000.0,m2
GUAYAQUIL,VENTA,DEPARTAMENTO,84.2,2328.0,131500.0,m2
GUAYAQUIL,VENTA,VILLA,111.0,140.0,75000.0,m2
GUAYAQUIL,VENTA,CASA,470.0,2328.0,360000.0,m2
GUAYAQUIL,VENTA,TERRENO,1483.0,710.0,130000.0,m2
GUAYAQUIL,VENTA,VILLA,290.0,375.0,210000.0,m2
GUAYAQUIL,VENTA,DEPARTAMENTO,104.0,2328.0,175000.0,m2
GUAYAQUIL,VENTA,DEPARTAMENTO,185.0,2328.0,68000.0,m2
GUAYAQUIL,VENTA,TERRENO,1483.0,600.0,9000.0,m2
GUAYAQUIL,VENTA,FINCA,1483.0,3100.0,105000.0,m2
GUAYAQUIL,VENTA,VILLA,133.0,180.0,89000.0,m2
MANTA,VENTA,CASA,250.0,300.0,67000.0,m2
GUAYAQUIL,VENTA,CASA,539.0,609.0,350000.0,m2
GUAYAQUIL,VENTA,DEPARTAMENTO,120.0,800.0,69000.0,m2
LIBERTAD,VENTA,LOCAL,1483.0,224.0,50000.0,m2
GUAYAQUIL,VENTA,FABRICA,950.0,1100.0,1000000.0,m2
GUAYAQUIL,VENTA,TERRENO,1483.0,1140.0,210900.0,m2
GUAYAQUIL,VENTA,VILLA,400.0,280.0,180000.0,m2
RUTA DEL SOL,VENTA,SUITE,60.0,2328.0,69000.0,m2
GUAYAQUIL,VENTA,CASA,369.0,535.0,145000.0,m2
GUAYAQUIL,ALQUILER,LOCAL,250.0,2328.0,1400.0,m2
RUTA DEL SOL,VENTA,TERRENO,1483.0,13049.0,195000.0,m2
MANGLARALTO,VENTA,TERRENO,1483.0,3413.0,34135.0,m2
MANGLARALTO,VENTA,TERRENO,1483.0,760.0,7603.0,m2
GUAYAQUIL,VENTA,DEPARTAMENTO,102.0,2328.0,59000.0,m2
GUAYAQUIL,VENTA,SUITE,71.0,2328.0,53000.0,m2
SALINAS,VENTA,CASA,231.0,538.0,350000.0,m2
GUAYAQUIL,ALQUILER,OFICINA,200.0,2328.0,2200.0,m2
GUAYAQUIL,ALQUILER,DEPARTAMENTO,250.0,2328.0,1500.0,m2
SALINAS,ALQUILER,DEPARTAMENTO,140.0,2328.0,600.0,m2
GUAYAQUIL,VENTA,DEPARTAMENTO,165.0,2328.0,140000.0,m2
GUAYAQUIL,ALQUILER,VILLA,180.0,2328.0,1300.0,m2
GUAYAQUIL,VENTA,TERRENO,1483.0,7440.0,300000.0,m2
GUAYAQUIL,VENTA,VILLA,650.0,4500.0,650000.0,m2
GUAYAQUIL,VENTA,TERRENO,1483.0,501.0,105000.0,m2
GUAYAQUIL,VENTA,TERRENO,1483.0,898.0,157267.0,m2
PROV. STA. ELENA,VENTA,DEPARTAMENTO,138.0,2328.0,118000.0,m2
RUTA DEL SOL,VENTA,DEPARTAMENTO,174.0,2328.0,120000.0,m2
GUAYAQUIL,ALQUILER,CASA,700.0,700.0,3500.0,m2
GUAYAQUIL,VENTA,TERRENO,1483.0,1612.0,354798.0,m2
RUTA DEL SOL,VENTA,DEPARTAMENTO,158.0,2328.0,158000.0,m2
GUAYAQUIL,VENTA,TERRENO,14830000.0,36000000.0,4000000.0,m2
GUAYAQUIL,VENTA,Hacienda,14830000.0,1500000.0,750000.0,m2
GUAYAQUIL,VENTA,DEPARTAMENTO,475.0,2328.0,210000.0,m2
GUAYAQUIL,ALQUILER,CASA,400.0,2328.0,1200.0,m2
GUAYAQUIL,ALQUILER,DEPARTAMENTO,190.0,2328.0,1800.0,m2
GUAYAQUIL,ALQUILER,SUITE,50.0,2328.0,900.0,m2
GUAYAQUIL,VENTA,CASA,240.0,311.0,160000.0,m2
GUAYAQUIL,VENTA,PENTHOUSE,163.0,2328.0,186000.0,m2
GUAYAQUIL,VENTA,CASA,300.0,280.0,190000.0,m2
GUAYAQUIL,VENTA,DEPARTAMENTO,120.0,2328.0,159000.0,m2
GUAYAQUIL,VENTA,TERRENO,1483.0,4050.0,135000.0,m2
GUAYAQUIL,VENTA,VILLA,190.0,366.0,160000.0,m2
GUAYAQUIL,VENTA,VILLA,334.0,533.0,190000.0,m2
GUAYAQUIL,VENTA,CASA,262.0,510.0,128000.0,m2
GUAYAQUIL,VENTA,LOCAL,867.0,2328.0,867000.0,m2
GUAYAQUIL,VENTA,CASA,220.0,250.0,128000.0,m2
GUAYAQUIL,VENTA,DEPARTAMENTO,165.0,2328.0,175000.0,m2
GUAYAQUIL,ALQUILER,SUITE,70.0,2328.0,650.0,m2
GUAYAQUIL,VENTA,DEPARTAMENTO,180.0,2328.0,75000.0,m2
GUAYAQUIL,VENTA,CASA,600.0,800.0,278000.0,m2
GUAYAQUIL,VENTA,DEPARTAMENTO,115.0,2328.0,103700.0,m2
GUAYAQUIL,VENTA,CASA,230.0,426.0,175504.0,m2
GUAYAQUIL,ALQUILER,SUITE,70.0,2328.0,600.0,m2
GUAYAQUIL,ALQUILER,DEPARTAMENTO,150.0,2328.0,700.0,m2
GUAYAQUIL,ALQUILER,DEPARTAMENTO,160.0,2328.0,800.0,m2
GUAYAQUIL,ALQUILER,DEPARTAMENTO,40.0,2328.0,850.0,m2
GUAYAQUIL,VENTA,EDIFICIO,860.0,240.0,410000.0,m2
RUTA DEL SOL,VENTA,DEPARTAMENTO,147.0,2328.0,70000.0,m2
GUAYAQUIL,VENTA,CASA,380.0,750.0,395000.0,m2
SALINAS,VENTA,DEPARTAMENTO,165.0,2328.0,60000.0,m2
GUAYAQUIL,VENTA,PENTHOUSE,440.0,2328.0,172000.0,m2
GUAYAQUIL,ALQUILER,OFICINA,500.0,2328.0,5000.0,m2
GUAYAQUIL,VENTA,TERRENO,1483.0,200.0,15000.0,m2
GUAYAQUIL,ALQUILER,DEPARTAMENTO,97.0,2328.0,1200.0,m2
GUAYAQUIL,VENTA,DEPARTAMENTO,200.0,2328.0,200000.0,m2
GUAYAQUIL,VENTA,VILLA,650.0,1050.0,490000.0,m2
GUAYAQUIL,VENTA,DEPARTAMENTO,470.0,2328.0,450000.0,m2
GUAYAQUIL,ALQUILER,VILLA,200.0,220.0,1000.0,m2
GUAYAQUIL,ALQUILER,OFICINA,46.0,2328.0,500.0,m2
GUAYAQUIL,ALQUILER,OFICINA,104.0,2328.0,900.0,m2
RUTA DEL SOL,VENTA,EDIFICIO,701.0,2328.0,80000.0,m2
PORTOVIEJO,VENTA,Hotel,1400.0,2328.0,1275000.0,m2
SALINAS,VENTA,CASA DUPLEX,110.0,2328.0,60000.0,m2
RUTA DEL SOL,VENTA,TERRENO,1483.0,3685.0,239573.0,m2
GUAYAQUIL,ALQUILER,DEPARTAMENTO,140.0,2328.0,800.0,m2
GUAYAQUIL,ALQUILER,DEPARTAMENTO,50.0,2328.0,700.0,m2
GUAYAQUIL,ALQUILER,OFICINA,71.0,2328.0,790.0,m2
GUAYAQUIL,ALQUILER,VILLA,500.0,2328.0,2500.0,m2
GUAYAQUIL,ALQUILER,VILLA,380.0,320.0,1250.0,m2
GUAYAQUIL,VENTA,TERRENO,1483.0,23246.0,395182.0,m2
GUAYAQUIL,VENTA,DEPARTAMENTO,170.0,2328.0,110000.0,m2
GUAYAQUIL,ALQUILER,VILLA,320.0,2328.0,1200.0,m2
GUAYAQUIL,VENTA,VILLA,548.0,460.0,300000.0,m2
GUAYAQUIL,ALQUILER,VILLA,300.0,2328.0,1200.0,m2
GUAYAQUIL,ALQUILER,OFICINA,140.0,2328.0,1100.0,m2
GUAYAQUIL,ALQUILER,OFICINA,160.0,2328.0,850.0,m2
GUAYAQUIL,VENTA,VILLA,398.0,500.0,360000.0,m2
GUAYAQUIL,VENTA,DEPARTAMENTO,218.0,2328.0,155000.0,m2
GUAYAQUIL,VENTA,DEPARTAMENTO,160.0,2328.0,126000.0,m2
GUAYAQUIL,ALQUILER,LOCAL,250.0,2328.0,1600.0,m2
GUAYAQUIL,ALQUILER,CASA,104.0,174.0,460.0,m2
GUAYAQUIL,VENTA,TERRENO,1483.0,1195.0,170000.0,m2
GUAYAQUIL,VENTA,DEPARTAMENTO,256.0,2328.0,145000.0,m2
GUAYAQUIL,VENTA,CASA,115.0,220.0,155000.0,m2
GUAYAQUIL,VENTA,CASA,415.0,495.0,365000.0,m2
GUAYAQUIL,VENTA,CASA,300.0,600.0,380000.0,m2
GUAYAQUIL,ALQUILER,CASA,300.0,600.0,3500.0,m2
GUAYAQUIL,VENTA,CASA,218.0,300.0,218000.0,m2
GUAYAQUIL,VENTA,CASA,290.0,350.0,270000.0,m2
GUAYAQUIL,VENTA,CASA DUPLEX,450.0,437.0,265000.0,m2
GUAYAQUIL,ALQUILER,DEPARTAMENTO,160.0,2328.0,1000.0,m2
GUAYAQUIL,ALQUILER,DEPARTAMENTO,120.0,2328.0,1500.0,m2
GUAYAQUIL,ALQUILER,DEPARTAMENTO,90.0,2328.0,850.0,m2
GUAYAQUIL,ALQUILER,DEPARTAMENTO,160.0,2328.0,1500.0,m2
GUAYAQUIL,ALQUILER,OFICINA,200.0,2328.0,2500.0,m2
RUTA DEL SOL,VENTA,DEPARTAMENTO,70.0,2328.0,30000.0,m2
RUTA DEL SOL,VENTA,TERRENO,1483.0,250.0,8000.0,m2
AZOGUES,VENTA,EDIFICIO,435.0,235.0,260000.0,m2
GUAYAQUIL,VENTA,TERRENO,14830000.0,140000.0,1120000.0,m2
GUAYAQUIL,ALQUILER,VILLA,220.0,500.0,2000.0,m2
GUAYAQUIL,ALQUILER,CASA,370.0,700.0,3000.0,m2
GUAYAQUIL,VENTA,VILLA,370.0,700.0,350000.0,m2
GUAYAQUIL,VENTA,DEPARTAMENTO,89.0,100.0,82000.0,m2
QUITO,VENTA,CASA,208.0,310.0,140000.0,m2
GUAYAQUIL,VENTA,DEPARTAMENTO,163.0,2328.0,170000.0,m2
GUAYAQUIL,VENTA,CASA,447.0,532.0,390000.0,m2
GUAYAQUIL,VENTA,DEPARTAMENTO,150.0,2328.0,148000.0,m2
GUAYAQUIL,VENTA,FINCA,600000.0,150000.0,50000.0,m2
MANGLARALTO,VENTA,Hotel,600.0,217.0,200000.0,m2
GUAYAQUIL,VENTA,CASA,130.0,170.0,99000.0,m2
GUAYAQUIL,VENTA,CASA,207.0,434.0,185000.0,m2
GUAYAQUIL,VENTA,CASA,750.0,2980.0,610000.0,m2
GUAYAQUIL,ALQUILER,CASA,160.0,2328.0,700.0,m2
GUAYAQUIL,VENTA,DEPARTAMENTO,150.0,2328.0,115000.0,m2
GUAYAQUIL,VENTA,VILLA,158.0,175.0,105000.0,m2
GUAYAQUIL,VENTA,DEPARTAMENTO,265.0,2328.0,390000.0,m2
GUAYAQUIL,VENTA,VILLA,402.0,550.0,380000.0,m2
GUAYAQUIL,VENTA,TERRENO,1483.0,20000.0,300000.0,m2
GUAYAQUIL,VENTA,VILLA,1152.0,1729.0,760000.0,m2
GUAYAQUIL,ALQUILER,DEPARTAMENTO,100.0,2328.0,800.0,m2
GUAYAQUIL,ALQUILER,VILLA,400.0,350.0,2800.0,m2
GUAYAQUIL,VENTA,TERRENO,1483.0,340.0,54400.0,m2
GUAYAQUIL,VENTA,DEPARTAMENTO,184.0,2328.0,270000.0,m2
GUAYAQUIL,ALQUILER,DEPARTAMENTO,180.0,2328.0,1050.0,m2
GUAYAQUIL,VENTA,DEPARTAMENTO,150.0,2328.0,149000.0,m2
GUAYAQUIL,ALQUILER,OFICINA,46.0,2328.0,690.0,m2
GUAYAQUIL,ALQUILER,LOCAL,450.0,2328.0,5000.0,m2
GUAYAQUIL,ALQUILER,DEPARTAMENTO,140.0,2328.0,1500.0,m2
GUAYAQUIL,VENTA,CASA,370.0,700.0,355000.0,m2
GUAYAQUIL,ALQUILER,CASA,370.0,700.0,3500.0,m2
GUAYAQUIL,VENTA,DEPARTAMENTO,138.0,2328.0,129000.0,m2
SALINAS,ALQUILER,LOCAL,25.0,2328.0,400.0,m2
SALINAS,VENTA,TERRENO,1483.0,250.0,12500.0,m2
GUAYAQUIL,VENTA,CASA,200.0,300.0,150000.0,m2
GUAYAQUIL,VENTA,DEPARTAMENTO,137.0,2328.0,150000.0,m2
GUAYAQUIL,VENTA,VILLA,150.0,180.0,103000.0,m2
GUAYAQUIL,ALQUILER,CASA,765.0,500.0,3800.0,m2
GUAYAQUIL,VENTA,CASA,600.0,430.0,430000.0,m2
GUAYAQUIL,VENTA,CASA,620.0,680.0,570000.0,m2
GUAYAQUIL,ALQUILER,CASA,620.0,680.0,3200.0,m2
GUAYAQUIL,VENTA,CASA,365.0,482.0,298000.0,m2
GUAYAQUIL,VENTA,CASA,260.0,258.0,175000.0,m2
GUAYAQUIL,VENTA,DEPARTAMENTO,172.0,2328.0,65000.0,m2
GUAYAQUIL,VENTA,DEPARTAMENTO,113.0,2328.0,97000.0,m2
SALINAS,VENTA,TERRENO,1483.0,400.0,16000.0,m2
SALINAS,ALQUILER,DEPARTAMENTO,70.0,2328.0,600.0,m2
GUAYAQUIL,VENTA,DEPARTAMENTO,162.0,2328.0,185000.0,m2
GUAYAQUIL,VENTA,VILLA,150.0,165.0,115000.0,m2
GUAYAQUIL,VENTA,CASA,640.0,460.0,185000.0,m2
GUAYAQUIL,VENTA,OFICINA,130.0,2328.0,150000.0,m2
GUAYAQUIL,VENTA,CASA,420.0,600.0,350000.0,m2
GUAYAQUIL,VENTA,VILLA,147.0,217.0,92000.0,m2
GUAYAQUIL,VENTA,CASA,380.0,360.0,180000.0,m2
GUAYAQUIL,VENTA,DEPARTAMENTO,184.0,2328.0,180000.0,m2
GUAYAQUIL,VENTA,DEPARTAMENTO,180.0,2328.0,245000.0,m2
GUAYAQUIL,ALQUILER,DEPARTAMENTO,104.0,2328.0,1600.0,m2
GUAYAQUIL,VENTA,CASA,381.0,300.0,106000.0,m2
GUAYAQUIL,VENTA,DEPARTAMENTO,174.0,2328.0,130000.0,m2
GUAYAQUIL,ALQUILER,LOCAL,40.0,2328.0,600.0,m2
GUAYAQUIL,VENTA,TERRENO,1483.0,366.0,40000.0,m2
GUAYAQUIL,VENTA,CASA,240.0,240.0,200000.0,m2
GUAYAQUIL,VENTA,DEPARTAMENTO,102.0,2328.0,58000.0,m2
GUAYAQUIL,VENTA,CASA,341.0,2328.0,220000.0,m2
GUAYAQUIL,VENTA,CASA,682.0,2328.0,245000.0,m2
GUAYAQUIL,VENTA,CASA,304.0,240.0,155000.0,m2
GUAYAQUIL,ALQUILER,OFICINA,200.0,2328.0,890.0,m2
GUAYAQUIL,VENTA,CASA,403.0,2328.0,290000.0,m2
SALINAS,ALQUILER,VILLA,250.0,300.0,700.0,m2
SALINAS,ALQUILER,DEPARTAMENTO,100.0,2328.0,1200.0,m2
SALINAS,ALQUILER,VILLA,600.0,1500.0,2500.0,m2
GUAYAQUIL,ALQUILER,SUITE,160.0,2328.0,2000.0,m2
GUAYAQUIL,VENTA,DEPARTAMENTO,180.0,2328.0,155000.0,m2
GUAYAQUIL,VENTA,DEPARTAMENTO,400.0,2328.0,200000.0,m2
GUAYAQUIL,ALQUILER,DEPARTAMENTO,400.0,2328.0,1500.0,m2
GUAYAQUIL,VENTA,DEPARTAMENTO,160.0,2328.0,70000.0,m2
GUAYAQUIL,ALQUILER,DEPARTAMENTO,160.0,2328.0,500.0,m2
RUTA DEL SOL,VENTA,CASA,231.0,1852.0,180000.0,m2
GUAYAQUIL,VENTA,CASA,291.0,2328.0,135000.0,m2
GUAYAQUIL,VENTA,DEPARTAMENTO,216.0,2328.0,100000.0,m2
GUAYAQUIL,VENTA,DEPARTAMENTO,180.0,2328.0,155000.0,m2
GUAYAQUIL,ALQUILER,DEPARTAMENTO,140.0,2328.0,900.0,m2
GUAYAQUIL,VENTA,DEPARTAMENTO,170.0,2328.0,200000.0,m2
GUAYAQUIL,VENTA,CASA,180.0,220.0,168000.0,m2
GUAYAQUIL,VENTA,VILLA,240.0,300.0,195000.0,m2
GUAYAQUIL,VENTA,CASA,230.0,427.0,225000.0,m2
GUAYAQUIL,VENTA,CASA,620.0,1450.0,610000.0,m2
GUAYAQUIL,ALQUILER,CASA,180.0,250.0,850.0,m2
GUAYAQUIL,VENTA,DEPARTAMENTO,45.0,2328.0,43000.0,m2
EL TRIUNFO,VENTA,RESTAURANT,1800.0,1800.0,330000.0,m2
GUAYAQUIL,VENTA,CASA,700.0,710.0,480000.0,m2
GUAYAQUIL,VENTA,TERRENO,1483.0,47500.0,1187500.0,m2
GUAYAQUIL,VENTA,CASA,690.0,710.0,570000.0,m2
GUAYAQUIL,ALQUILER,HOSTAL,15.0,2328.0,290.0,m2
GUAYAQUIL,VENTA,DEPARTAMENTO,220.0,2328.0,105000.0,m2
GUAYAQUIL,VENTA,CASA,411.0,1650.0,525000.0,m2
GUAYAQUIL,VENTA,CASA,380.0,410.0,170000.0,m2
GUAYAQUIL,VENTA,DEPARTAMENTO,113.0,2328.0,75000.0,m2
GUAYAQUIL,VENTA,DEPARTAMENTO,133.0,2328.0,146000.0,m2
GUAYAQUIL,ALQUILER,OFICINA,34.0,2328.0,500.0,m2
GUAYAQUIL,VENTA,OFICINA,37.0,2328.0,71000.0,m2
GUAYAQUIL,VENTA,DEPARTAMENTO,148.0,2328.0,165000.0,m2
GUAYAQUIL,VENTA,DEPARTAMENTO,260.0,2328.0,120000.0,m2
GUAYAQUIL,ALQUILER,VILLA,400.0,248.0,1600.0,m2
GUAYAQUIL,VENTA,CASA DUPLEX,255.0,270.0,160000.0,m2
GUAYAQUIL,VENTA,CASA,280.0,300.0,170000.0,m2
GUAYAQUIL,VENTA,DEPARTAMENTO,200.0,2328.0,120000.0,m2
GUAYAQUIL,VENTA,DEPARTAMENTO,165.0,2328.0,178000.0,m2
GUAYAQUIL,ALQUILER,DEPARTAMENTO,165.0,2328.0,1300.0,m2
GUAYAQUIL,ALQUILER,CASA,260.0,600.0,2000.0,m2
GUAYAQUIL,ALQUILER,LOCAL,323.0,400.0,6000.0,m2
GUAYAQUIL,VENTA,LOCAL,50.0,2328.0,31000.0,m2
GUAYAQUIL,VENTA,DEPARTAMENTO,180.0,300.0,90000.0,m2
GUAYAQUIL,VENTA,DEPARTAMENTO,150.0,2328.0,65000.0,m2
GUAYAQUIL,VENTA,DEPARTAMENTO,120.0,2328.0,110000.0,m2
GUAYAQUIL,VENTA,VILLA,100.0,170.0,82000.0,m2
GUAYAQUIL,VENTA,VILLA,200.0,212.0,120000.0,m2
GUAYAQUIL,ALQUILER,SUITE,44.0,44.0,1000.0,m2
GUAYAQUIL,VENTA,VILLA,600.0,315.0,180000.0,m2
GUAYAQUIL,VENTA,VILLA,700.0,710.0,595000.0,m2
GUAYAQUIL,ALQUILER,VILLA,700.0,710.0,1300.0,m2
GUAYAQUIL,VENTA,VILLA,200.0,252.0,168000.0,m2
GUAYAQUIL,VENTA,OFICINA,55.0,2328.0,80000.0,m2
GUAYAQUIL,VENTA,OFICINA,44.0,2328.0,85000.0,m2
GUAYAQUIL,VENTA,VILLA,360.0,450.0,270000.0,m2
GUAYAQUIL,VENTA,CASA,490.0,500.0,280000.0,m2
GUAYAQUIL,VENTA,DEPARTAMENTO,115.0,2328.0,68000.0,m2
SALINAS,ALQUILER,DEPARTAMENTO,160.0,2328.0,350.0,m2
GUAYAQUIL,ALQUILER,VILLA,200.0,2328.0,900.0,m2
GUAYAQUIL,ALQUILER,DEPARTAMENTO,100.0,2328.0,900.0,m2
GUAYAQUIL,ALQUILER,DEPARTAMENTO,120.0,2328.0,1000.0,m2
GUAYAQUIL,ALQUILER,VILLA,200.0,2328.0,1800.0,m2
GUAYAQUIL,ALQUILER,VILLA,260.0,2328.0,2000.0,m2
GUAYAQUIL,VENTA,DEPARTAMENTO,148.0,2328.0,140000.0,m2
PORTOVIEJO,VENTA,TERRENO,1483.0,166000.0,4980000.0,m2
SALINAS,VENTA,DEPARTAMENTO,140.0,2328.0,68500.0,m2
GUAYAQUIL,VENTA,VILLA,503.0,670.0,540000.0,m2
GUAYAQUIL,VENTA,VILLA,100.0,180.0,78000.0,m2
GUAYAQUIL,ALQUILER,DEPARTAMENTO,250.0,2328.0,1100.0,m2
GUAYAQUIL,ALQUILER,VILLA,1483.0,300.0,1250.0,m2
GUAYAQUIL,VENTA,DEPARTAMENTO,148.0,2328.0,114000.0,m2
GUAYAQUIL,VENTA,VILLA,1483.0,470.0,198000.0,m2
GUAYAQUIL,VENTA,SUITE,45.0,2328.0,85000.0,m2
MANTA,VENTA,CASA,1483.0,600.0,120000.0,m2
GUAYAQUIL,VENTA,VILLA,440.0,1150.0,640000.0,m2
GUAYAQUIL,VENTA,CASA,408.0,555.0,265500.0,m2
SALINAS,VENTA,DEPARTAMENTO,165.0,2328.0,171000.0,m2
GUAYAQUIL,VENTA,TERRENO,1483.0,47500.0,1187500.0,m2
GUAYAQUIL,VENTA,CASA,523.0,2328.0,410000.0,m2
SALINAS,VENTA,DEPARTAMENTO,140.0,2328.0,86500.0,m2
CAPAES,VENTA,CASA,254.0,2328.0,120000.0,m2
GUAYAQUIL,VENTA,CASA,400.0,800.0,300000.0,m2
MANTA,VENTA,Hotel,1483.0,500.0,450000.0,m2
GUAYAQUIL,VENTA,OFICINA,45.0,2328.0,65000.0,m2
GUAYAQUIL,VENTA,DEPARTAMENTO,75.0,2328.0,95000.0,m2
GUAYAQUIL,ALQUILER,VILLA,250.0,250.0,1300.0,m2
GUAYAQUIL,VENTA,OFICINA,40.0,2328.0,77000.0,m2
GUAYAQUIL,VENTA,VILLA,269.0,210.0,178000.0,m2
GUAYAQUIL,VENTA,OFICINA,164.0,2328.0,65600.0,m2
GUAYAQUIL,VENTA,VILLA,270.0,454.0,255000.0,m2
GUAYAQUIL,VENTA,CASA,307.0,181.0,125000.0,m2
GUAYAQUIL,VENTA,CASA,380.0,500.0,168000.0,m2
GUAYAQUIL,VENTA,TERRENO,1483.0,660.0,72600.0,m2
GUAYAQUIL,ALQUILER,VILLA,650.0,1340.0,4000.0,m2
GUAYAQUIL,VENTA,TERRENO,1483.0,358.0,40000.0,m2
GUAYAQUIL,VENTA,VILLA,150.0,150.0,83000.0,m2
GUAYAQUIL,VENTA,DEPARTAMENTO,110.0,2328.0,80000.0,m2
GUAYAQUIL,VENTA,Hacienda,14830000.0,100000.0,300000.0,m2
GUAYAQUIL,VENTA,BODEGA,700.0,900.0,278000.0,m2
GUAYAQUIL,VENTA,DEPARTAMENTO,127.0,2328.0,70000.0,m2
QUITO,VENTA,TERRENO,1483.0,10700.0,298000.0,m2
GUAYAQUIL,VENTA,LOCAL,440.0,220.0,320000.0,m2
GUAYAQUIL,VENTA,VILLA,600.0,800.0,470000.0,m2
DURAN,VENTA,TERRENO,1483.0,272.0,3500.0,m2
GUAYAQUIL,VENTA,BODEGA,2400.0,2400.0,450000.0,m2
GUAYAQUIL,VENTA,CASA,163.0,160.0,110000.0,m2
GUAYAQUIL,VENTA,CASA,132.0,180.0,85500.0,m2
GUAYAQUIL,VENTA,CASA,400.0,313.0,200000.0,m2
GUAYAQUIL,VENTA,CASA,320.0,250.0,190000.0,m2
GUAYAQUIL,VENTA,CASA,264.0,2328.0,67500.0,m2
GUAYAQUIL,ALQUILER,LOCAL,60.0,2328.0,560.0,m2
QUITO,VENTA,TERRENO,1483.0,424.0,21200.0,m2
GUAYAQUIL,VENTA,CASA,192.0,250.0,120000.0,m2
GUAYAQUIL,VENTA,TERRENO,1483.0,119000.0,1190000.0,m2
GUAYAQUIL,VENTA,CASA,180.0,250.0,159000.0,m2
GUAYAQUIL,VENTA,CASA,800.0,1700.0,920000.0,m2
GUAYAQUIL,VENTA,VILLA,350.0,600.0,390000.0,m2
GUAYAQUIL,VENTA,DEPARTAMENTO,270.0,2328.0,300000.0,m2
GUAYAQUIL,VENTA,VILLA,380.0,2328.0,395000.0,m2
SALINAS,VENTA,CASA,100.0,500.0,45000.0,m2
SALINAS,VENTA,TERRENO,1483.0,180.0,25000.0,m2
GUAYAQUIL,VENTA,CASA,250.0,268.0,162000.0,m2
GUAYAQUIL,ALQUILER,OFICINA,114.0,2328.0,1500.0,m2
GUAYAQUIL,VENTA,TERRENO,1483.0,715.0,68000.0,m2
GUAYAQUIL,VENTA,CASA,74.0,105.0,44000.0,m2
GUAYAQUIL,VENTA,DEPARTAMENTO,260.0,2328.0,165000.0,m2
GUAYAQUIL,VENTA,CASA,320.0,2328.0,200000.0,m2
GUAYAQUIL,VENTA,CASA,1000.0,2400.0,650000.0,m2
GUAYAQUIL,VENTA,VILLA,140.0,322.0,110000.0,m2
QUITO,VENTA,CASA DUPLEX,78.0,82.0,35000.0,m2
GUAYAQUIL,VENTA,DEPARTAMENTO,127.0,2328.0,192000.0,m2
GUAYAQUIL,VENTA,DEPARTAMENTO,125.0,2328.0,128000.0,m2
GUAYAQUIL,VENTA,DEPARTAMENTO,125.0,2328.0,120000.0,m2
GUAYAQUIL,ALQUILER,DEPARTAMENTO,145.0,2328.0,900.0,m2
GUAYAQUIL,ALQUILER,CASA,280.0,700.0,2500.0,m2
GUAYAQUIL,VENTA,TERRENO,1483.0,1000.0,150000.0,m2
QUEVEDO,VENTA,PLANTEL,3700.0,5600.0,260000.0,m2
GUAYAQUIL,VENTA,CASA,790.0,1490.0,800000.0,m2
GUAYAQUIL,VENTA,VILLA,600.0,1090.0,540000.0,m2
GUAYAQUIL,VENTA,DEPARTAMENTO,65.0,2328.0,49500.0,m2
GUAYAQUIL,ALQUILER,SUITE,65.0,2328.0,700.0,m2
GUAYAQUIL,VENTA,VILLA,510.0,800.0,360000.0,m2
GUAYAQUIL,VENTA,CASA,450.0,700.0,210000.0,m2
GUAYAQUIL,VENTA,DEPARTAMENTO,249.0,2328.0,135000.0,m2
GUAYAQUIL,VENTA,CASA,1483.0,4500.0,700000.0,m2
GUAYAQUIL,VENTA,DEPARTAMENTO,230.0,2328.0,125000.0,m2
GUAYAQUIL,VENTA,DEPARTAMENTO,170.0,2328.0,165000.0,m2
GUAYAQUIL,VENTA,DEPARTAMENTO,200.0,2328.0,90000.0,m2
GUAYAQUIL,ALQUILER,VILLA,596.0,1214.0,2900.0,m2
GUAYAQUIL,VENTA,VILLA,195.0,307.0,160000.0,m2
GUAYAQUIL,VENTA,VILLA,350.0,750.0,380000.0,m2
GUAYAQUIL,VENTA,VILLA,155.0,206.0,128300.0,m2
GUAYAQUIL,VENTA,VILLA,947.0,425.0,376000.0,m2
SALINAS,VENTA,CASA,1483.0,250.0,56000.0,m2
GUAYAQUIL,VENTA,DEPARTAMENTO,249.0,2328.0,120000.0,m2
GUAYAQUIL,ALQUILER,SUITE,69.0,2328.0,800.0,m2
GUAYAQUIL,ALQUILER,DEPARTAMENTO,200.0,2328.0,1200.0,m2
GUAYAQUIL,ALQUILER,VILLA,600.0,1000.0,2000.0,m2
GUAYAQUIL,VENTA,OFICINA,140.0,2328.0,55000.0,m2
GUAYAQUIL,ALQUILER,DEPARTAMENTO,65.0,2328.0,1400.0,m2
GUAYAQUIL,VENTA,DEPARTAMENTO,90.0,2328.0,120000.0,m2
GUAYAQUIL,VENTA,CASA,300.0,500.0,398000.0,m2
GUAYAQUIL,VENTA,DEPARTAMENTO,224.0,2328.0,302400.0,m2
GUAYAQUIL,VENTA,VILLA,350.0,750.0,380000.0,m2
GUAYAQUIL,VENTA,TERRENO,1483.0,540.0,15000.0,m2
GUAYAQUIL,VENTA,TERRENO,1483.0,545.0,15100.0,m2
GUAYAQUIL,VENTA,CASA,350.0,715.0,250000.0,m2
CUENCA,VENTA,CASA,283.0,268.0,145000.0,m2
GUAYAQUIL,VENTA,DEPARTAMENTO,275.0,2328.0,160000.0,m2
GUAYAQUIL,VENTA,CASA,152.0,175.0,105000.0,m2
RUTA DEL SOL,VENTA,TERRENO,1483.0,3900.0,500000.0,m2
GUAYAQUIL,VENTA,DEPARTAMENTO,147.0,2328.0,124000.0,m2
GUAYAQUIL,VENTA,DEPARTAMENTO,109.0,2328.0,50000.0,m2
GUAYAQUIL,VENTA,VILLA,400.0,600.0,350000.0,m2
GUAYAQUIL,ALQUILER,VILLA,400.0,964.0,1700.0,m2
GUAYAQUIL,VENTA,DEPARTAMENTO,95.0,2328.0,121000.0,m2
GUAYAQUIL,VENTA,DEPARTAMENTO,97.0,2328.0,102000.0,m2
GUAYAQUIL,VENTA,DEPARTAMENTO,330.0,2328.0,115000.0,m2
GUAYAQUIL,VENTA,TERRENO,1483.0,470.0,95000.0,m2
QUITO,VENTA,Hacienda,411.0,9237.0,350000.0,m2
GUAYAQUIL,VENTA,DEPARTAMENTO,164.0,2328.0,75000.0,m2
GUAYAQUIL,VENTA,CASA,500.0,800.0,280000.0,m2
GUAYAQUIL,VENTA,CASA,350.0,400.0,145000.0,m2
GUAYAQUIL,VENTA,CASA,350.0,590.0,290000.0,m2
GUAYAQUIL,VENTA,VILLA,155.0,17941.0,130000.0,m2
GUAYAQUIL,VENTA,CASA,130.0,2328.0,87000.0,m2
GUAYAQUIL,VENTA,VILLA,500.0,560.0,210000.0,m2
GUAYAQUIL,VENTA,OFICINA,65.0,2328.0,120000.0,m2
GUAYAQUIL,ALQUILER,CASA,150.0,2328.0,550.0,m2
GUAYAQUIL,VENTA,CASA,240.0,2328.0,148000.0,m2
GUAYAQUIL,VENTA,CASA,541.0,480.0,140000.0,m2
GUAYAQUIL,VENTA,VILLA,196.0,240.0,183000.0,m2
RUTA DEL SOL,VENTA,CASA,1483.0,300.0,40000.0,m2
GUAYAQUIL,VENTA,CASA,600.0,560.0,265000.0,m2
RUTA DEL SOL,VENTA,TERRENO,1483.0,450.0,20000.0,m2
SALINAS,VENTA,CASA DUPLEX,118.0,143.0,70000.0,m2
GUAYAQUIL,VENTA,DEPARTAMENTO,118.0,2328.0,140000.0,m2
MANABI,VENTA,CASA,1483.0,271.0,160000.0,m2
GUAYAQUIL,VENTA,CASA DUPLEX,200.0,280.0,180000.0,m2
GUAYAQUIL,VENTA,CASA DUPLEX,285.0,2328.0,160000.0,m2
GUAYAQUIL,ALQUILER,DEPARTAMENTO,180.0,2328.0,1500.0,m2
GUAYAQUIL,VENTA,CASA,130.0,140.0,66000.0,m2
GUAYAQUIL,VENTA,CASA,104.0,113.0,82000.0,m2
GUAYAQUIL,VENTA,DEPARTAMENTO,110.0,2328.0,75000.0,m2
GUAYAQUIL,ALQUILER,DEPARTAMENTO,200.0,2328.0,440.0,m2
GUAYAQUIL,VENTA,VILLA,250.0,360.0,180000.0,m2
SALINAS,VENTA,TERRENO,1483.0,3932.0,786400.0,m2
GUAYAQUIL,VENTA,CASA,350.0,750.0,425000.0,m2
GUAYAQUIL,VENTA,CASA,185.0,285.0,135000.0,m2
GUAYAQUIL,VENTA,CASA,260.0,350.0,150000.0,m2
GUAYAQUIL,VENTA,CASA,155.0,280.0,125000.0,m2
GUAYAQUIL,VENTA,CASA,320.0,600.0,294950.0,m2
GUAYAQUIL,VENTA,TERRENO,1483.0,582.0,85000.0,m2
GUAYAQUIL,VENTA,VILLA,740.0,1300.0,500000.0,m2
GUAYAQUIL,VENTA,VILLA,621.0,933.0,350000.0,m2
GUAYAQUIL,VENTA,PENTHOUSE,418.0,2328.0,400000.0,m2
GUAYAQUIL,VENTA,VILLA,320.0,906.0,230000.0,m2
GUAYAQUIL,VENTA,EDIFICIO,1200.0,1200.0,1200000.0,m2
QUITO,ALQUILER,DEPARTAMENTO,84.0,2328.0,600.0,m2
GUAYAQUIL,ALQUILER,VILLA,2500.0,2328.0,2000.0,m2
GUAYAQUIL,ALQUILER,VILLA,500.0,926.0,3200.0,m2
GUAYAQUIL,ALQUILER,CASA,1483.0,750.0,3200.0,m2
GUAYAQUIL,ALQUILER,DEPARTAMENTO,173.0,2328.0,800.0,m2
GUAYAQUIL,VENTA,CASA,116.0,173.0,50000.0,m2
AYANGUE,VENTA,CASA,1483.0,300.0,40000.0,m2
GUAYAQUIL,VENTA,VILLA,440.0,520.0,320000.0,m2
PENINS. STA. ELENA,ALQUILER,EDIFICIO,276.0,132.0,3000.0,m2
RUTA DEL SOL,VENTA,CASA,230.0,800.0,110000.0,m2
GUAYAQUIL,VENTA,DEPARTAMENTO,262.0,2328.0,185000.0,m2
GUAYAQUIL,VENTA,VILLA,612.0,450.0,300000.0,m2
GUAYAQUIL,VENTA,VILLA,298.0,400.0,190000.0,m2
GUAYAQUIL,VENTA,DEPARTAMENTO,138.0,2328.0,135000.0,m2
GUAYAQUIL,VENTA,OFICINA,130.0,2328.0,120000.0,m2
GUAYAQUIL,VENTA,VILLA,300.0,900.0,235000.0,m2
GUAYAQUIL,ALQUILER,OFICINA,170.0,2328.0,2300.0,m2
GUAYAQUIL,ALQUILER,VILLA,350.0,370.0,4000.0,m2
GUAYAQUIL,VENTA,DEPARTAMENTO,196.0,2328.0,185000.0,m2
GUAYAQUIL,VENTA,CASA,600.0,800.0,600000.0,m2
GUAYAQUIL,VENTA,VILLA,601.0,920.0,285000.0,m2
GUAYAQUIL,VENTA,DEPARTAMENTO,240.0,2328.0,155000.0,m2
GUAYAQUIL,VENTA,VILLA,330.0,330.0,300000.0,m2
GUAYAQUIL,VENTA,DEPARTAMENTO,85.0,2328.0,66500.0,m2
GUAYAQUIL,VENTA,DEPARTAMENTO,130.0,2328.0,98000.0,m2
GUAYAQUIL,VENTA,LOCAL,70.0,2328.0,69750.0,m2
GUAYAQUIL,VENTA,DEPARTAMENTO,127.0,2328.0,99950.0,m2
GUAYAQUIL,VENTA,DEPARTAMENTO,94.0,2328.0,73800.0,m2
GUAYAQUIL,ALQUILER,OFICINA,420.0,2328.0,4200.0,m2
GUAYAQUIL,VENTA,DEPARTAMENTO,141.0,153.0,125000.0,m2
GUAYAQUIL,VENTA,VILLA,450.0,535.0,455000.0,m2
GUAYAQUIL,ALQUILER,OFICINA,420.0,2328.0,5800.0,m2
GUAYAQUIL,VENTA,VILLA,247.0,370.0,185000.0,m2
GUAYAQUIL,VENTA,DEPARTAMENTO,120.0,2328.0,165000.0,m2
GUAYAQUIL,VENTA,CASA,355.0,625.0,480000.0,m2
GUAYAQUIL,VENTA,OFICINA,84.0,2328.0,50000.0,m2
GUAYAQUIL,VENTA,VILLA,455.0,750.0,420000.0,m2
GUAYAQUIL,VENTA,VILLA,380.0,500.0,280000.0,m2
CUENCA,VENTA,CASA,380.0,365.0,190000.0,m2
BAHÍA DE CARAQUEZ,VENTA,CASA,86.0,210.0,52000.0,m2
GUAYAQUIL,VENTA,VILLA,240.0,278.0,179000.0,m2
GUAYAQUIL,ALQUILER,DEPARTAMENTO,200.0,2328.0,850.0,m2
GUAYAQUIL,VENTA,CASA,240.0,278.0,169000.0,m2
GUAYAQUIL,ALQUILER,CASA,200.0,2328.0,1200.0,m2
GUAYAQUIL,VENTA,DEPARTAMENTO,161.0,2328.0,95000.0,m2
SALINAS,ALQUILER,DEPARTAMENTO,60.0,2328.0,750.0,m2
PLAYAS,VENTA,VILLA,250.0,500.0,85000.0,m2
GUAYAQUIL,ALQUILER,OFICINA,76.0,2328.0,380.0,m2
GUAYAQUIL,VENTA,SUITE,60.0,2328.0,48000.0,m2
GUAYAQUIL,VENTA,DEPARTAMENTO,85.0,2328.0,66500.0,m2
GUAYAQUIL,VENTA,CASA,380.0,500.0,160000.0,m2
GUAYAQUIL,VENTA,DEPARTAMENTO,247.0,2328.0,188000.0,m2
GUAYAQUIL,ALQUILER,DEPARTAMENTO,247.0,2328.0,1500.0,m2
GUAYAQUIL,VENTA,VILLA,440.0,1250.0,650000.0,m2
GUAYAQUIL,ALQUILER,CASA,500.0,700.0,4000.0,m2
GUAYAQUIL,VENTA,CASA,355.0,600.0,210000.0,m2
GUAYAQUIL,ALQUILER,VILLA,680.0,700.0,1700.0,m2
GUAYAQUIL,VENTA,VILLA,165.0,260.0,115000.0,m2
BUCAY,VENTA,FINCA,105.0,9721.0,75000.0,m2
GUAYAQUIL,VENTA,VILLA,200.0,300.0,160000.0,m2
GUAYAQUIL,VENTA,DEPARTAMENTO,125.0,2328.0,130000.0,m2
STO. DOMINGO,ALQUILER,DEPARTAMENTO,120.0,10000.0,320.0,m2
GUAYAQUIL,ALQUILER,OFICINA,110.0,2328.0,2000.0,m2
GUAYAQUIL,VENTA,DEPARTAMENTO,265.0,2328.0,334851.0,m2
GUAYAQUIL,VENTA,DEPARTAMENTO,245.0,2328.0,350000.0,m2
GUAYAQUIL,VENTA,CASA,440.0,250.0,190000.0,m2
RUTA DEL SOL,VENTA,CASA,61.0,117.0,36000.0,m2
GUAYAQUIL,ALQUILER,DEPARTAMENTO,140.0,2328.0,750.0,m2
GUAYAQUIL,VENTA,VILLA,550.0,815.0,350000.0,m2
BABAHOYO,VENTA,FINCA,14830000.0,350000.0,200000.0,m2
GUAYAQUIL,VENTA,CASA,300.0,200.0,140000.0,m2
SALINAS,VENTA,DEPARTAMENTO,100.0,2328.0,105000.0,m2
GUAYAQUIL,VENTA,CASA,500.0,2000.0,440000.0,m2
GUAYAQUIL,VENTA,CASA,350.0,2328.0,330000.0,m2
GUAYAQUIL,VENTA,CASA,450.0,604.0,340000.0,m2
GUAYAQUIL,ALQUILER,CASA,450.0,604.0,3000.0,m2
GUAYAQUIL,VENTA,CASA DUPLEX,307.0,310.0,275000.0,m2
GUAYAQUIL,VENTA,VILLA,240.0,310.0,260000.0,m2
GUAYAQUIL,VENTA,DEPARTAMENTO,185.0,2328.0,99000.0,m2
GUAYAQUIL,VENTA,SUITE,70.0,2328.0,95000.0,m2
GUAYAQUIL,VENTA,VILLA,320.0,750.0,390000.0,m2
GUAYAQUIL,ALQUILER,DEPARTAMENTO,120.0,2328.0,1000.0,m2
GUAYAQUIL,ALQUILER,CASA DUPLEX,380.0,352.0,1500.0,m2
GUAYAQUIL,VENTA,CASA,360.0,315.0,220000.0,m2
GUAYAQUIL,VENTA,VILLA,233.0,250.0,145000.0,m2
GUAYAQUIL,VENTA,DEPARTAMENTO,90.0,2328.0,95000.0,m2
GUAYAQUIL,VENTA,CASA DUPLEX,200.0,321.0,180000.0,m2
GUAYAQUIL,ALQUILER,DEPARTAMENTO,85.0,2328.0,650.0,m2
GUAYAQUIL,VENTA,CASA,190.0,220.0,90000.0,m2
GUAYAQUIL,ALQUILER,DEPARTAMENTO,125.0,2328.0,1350.0,m2
GUAYAQUIL,VENTA,DEPARTAMENTO,90.0,2328.0,95100.0,m2
GUAYAQUIL,VENTA,CASA,705.0,2328.0,670000.0,m2
GUAYAQUIL,VENTA,DEPARTAMENTO,130.0,130.0,145000.0,m2
GUAYAQUIL,VENTA,VILLA,270.0,310.0,260000.0,m2
GUAYAQUIL,VENTA,VILLA,302.0,246.0,160000.0,m2
GUAYAQUIL,VENTA,VILLA,325.0,564.0,235000.0,m2
SALINAS,ALQUILER,VILLA,162.0,220.0,1200.0,m2
GUAYAQUIL,VENTA,VILLA,330.0,644.0,320000.0,m2
GUAYAQUIL,VENTA,CASA,230.0,316.0,206000.0,m2
GUAYAQUIL,VENTA,CASA,255.0,269.0,165000.0,m2
GUAYAQUIL,VENTA,CASA,100.0,120.0,62000.0,m2
GUAYAQUIL,VENTA,VILLA,175.0,200.0,70000.0,m2
GUAYAQUIL,VENTA,DEPARTAMENTO,198.0,2328.0,47000.0,m2
GUAYAQUIL,ALQUILER,CASA,360.0,315.0,1800.0,m2
GUAYAQUIL,VENTA,OFICINA,50.0,1200.0,78000.0,m2
GUAYAQUIL,VENTA,DEPARTAMENTO,116.0,2328.0,131500.0,m2
GUAYAQUIL,VENTA,DEPARTAMENTO,110.0,2328.0,60000.0,m2
GUAYAQUIL,VENTA,CASA,140.0,199.0,100000.0,m2
GUAYAQUIL,VENTA,CASA,110.0,133.0,67000.0,m2
SALINAS,ALQUILER,PENTHOUSE,336.0,2328.0,2500.0,m2
GUAYAQUIL,VENTA,CASA,350.0,400.0,145000.0,m2
GUAYAQUIL,ALQUILER,OFICINA,75.0,2328.0,320.0,m2
GUAYAQUIL,VENTA,CASA,140.0,300.0,112000.0,m2
STO. DOMINGO,VENTA,CASA,500.0,785.0,250000.0,m2
GUAYAQUIL,VENTA,CASA,320.0,480.0,255000.0,m2
GUAYAQUIL,VENTA,CASA,168.0,138.0,115000.0,m2
GUAYAQUIL,VENTA,CASA,700.0,1150.0,690000.0,m2
GUAYAQUIL,VENTA,OFICINA,46.0,46.0,40000.0,m2
NARANJAL,VENTA,CASA,1483.0,200.0,80000.0,m2
GUAYAQUIL,VENTA,DEPARTAMENTO,330.0,2328.0,228000.0,m2
GUAYAQUIL,VENTA,CASA,288.0,180.0,130000.0,m2
GUAYAQUIL,VENTA,CASA,400.0,800.0,218000.0,m2
GUAYAQUIL,ALQUILER,OFICINA,195.0,150.0,11000.0,m2
GUAYAQUIL,ALQUILER,SUITE,67.0,2328.0,850.0,m2
GUAYAQUIL,VENTA,CASA,700.0,1200.0,700000.0,m2
GUAYAQUIL,VENTA,CASA,580.0,600.0,540000.0,m2
GUAYAQUIL,VENTA,DEPARTAMENTO,200.0,2328.0,110000.0,m2
GUAYAQUIL,VENTA,VILLA,200.0,2328.0,185000.0,m2
GUAYAQUIL,VENTA,VILLA,250.0,600.0,280000.0,m2
GUAYAQUIL,VENTA,CASA,648.0,901.0,150000.0,m2
GUAYAQUIL,VENTA,EDIFICIO,655.0,149.0,190000.0,m2
GUAYAQUIL,VENTA,CASA DUPLEX,300.0,2328.0,165000.0,m2
GUAYAQUIL,ALQUILER,DEPARTAMENTO,300.0,2328.0,1300.0,m2
GUAYAQUIL,VENTA,DEPARTAMENTO,74.0,2328.0,72000.0,m2
GUAYAQUIL,VENTA,VILLA,490.0,576.0,470000.0,m2
GUAYAQUIL,VENTA,DEPARTAMENTO,225.0,2328.0,306000.0,m2
GUAYAQUIL,VENTA,CASA,158.0,180.0,78000.0,m2
SALINAS,VENTA,DEPARTAMENTO,60.0,2328.0,65000.0,m2
CUENCA,VENTA,CASA,1483.0,130.0,80000.0,m2
GUAYAQUIL,VENTA,CASA,110.0,122.0,55000.0,m2
GUAYAQUIL,ALQUILER,OFICINA,500.0,2328.0,11000.0,m2
GUAYAQUIL,ALQUILER,OFICINA,252.0,2328.0,12000.0,m2
GUAYAQUIL,ALQUILER,OFICINA,480.0,2328.0,13000.0,m2
GUAYAQUIL,VENTA,CASA,240.0,310.0,270000.0,m2
GUAYAQUIL,VENTA,DEPARTAMENTO,350.0,2328.0,325000.0,m2
GUAYAQUIL,ALQUILER,DEPARTAMENTO,350.0,2328.0,2000.0,m2
GUAYAQUIL,ALQUILER,DEPARTAMENTO,165.0,2328.0,1100.0,m2
SALINAS,VENTA,DEPARTAMENTO,176.0,2328.0,165000.0,m2
GUAYAQUIL,VENTA,CASA,16730.0,9120.0,38000.0,m2
GUAYAQUIL,VENTA,DEPARTAMENTO,85.0,2328.0,69950.0,m2
SALINAS,VENTA,VILLA,234.0,500.0,119000.0,m2
GUAYAQUIL,VENTA,VILLA,220.0,550.0,225000.0,m2
GUAYAQUIL,VENTA,DEPARTAMENTO,110.0,2328.0,125000.0,m2
GUAYAQUIL,VENTA,CASA DUPLEX,450.0,430.0,295000.0,m2
GUAYAQUIL,VENTA,DEPARTAMENTO,93.0,2328.0,68950.0,m2
GUAYAQUIL,VENTA,DEPARTAMENTO,84.0,2328.0,54950.0,m2
GUAYAQUIL,VENTA,DEPARTAMENTO,113.0,2328.0,74950.0,m2
GUAYAQUIL,VENTA,DEPARTAMENTO,100.0,2328.0,67950.0,m2
GUAYAQUIL,VENTA,CASA,111.0,140.0,75000.0,m2
GUAYAQUIL,VENTA,VILLA,56.0,106.0,30000.0,m2
GUAYAQUIL,VENTA,VILLA,240.0,320.0,195000.0,m2
GUAYAQUIL,ALQUILER,OFICINA,76.0,2328.0,900.0,m2
GUAYAQUIL,VENTA,FINCA,14830000.0,100000.0,350000.0,m2
GUAYAQUIL,ALQUILER,OFICINA,47.0,2328.0,550.0,m2
GUAYAQUIL,VENTA,DEPARTAMENTO,150.0,2328.0,125000.0,m2
GUAYAQUIL,ALQUILER,CASA,190.0,2328.0,1200.0,m2
GUAYAQUIL,ALQUILER,DEPARTAMENTO,130.0,2328.0,1200.0,m2
GUAYAQUIL,VENTA,CASA,350.0,500.0,278000.0,m2
GUAYAQUIL,ALQUILER,CASA,350.0,500.0,2000.0,m2
GUAYAQUIL,VENTA,DEPARTAMENTO,145.0,2328.0,157000.0,m2
RUTA DEL SOL,ALQUILER,CASA,400.0,2328.0,1750.0,m2
GUAYAQUIL,ALQUILER,LOCAL,220.0,2328.0,3000.0,m2
GUAYAQUIL,ALQUILER,DEPARTAMENTO,120.0,2328.0,1500.0,m2
GUAYAQUIL,VENTA,VILLA,390.0,430.0,390000.0,m2
GUAYAQUIL,VENTA,VILLA,466.0,531.0,450000.0,m2
GUAYAQUIL,VENTA,VILLA,380.0,708.0,385000.0,m2
GUAYAQUIL,ALQUILER,CASA,650.0,1340.0,4000.0,m2
GUAYAQUIL,VENTA,LOCAL,130.0,2328.0,216000.0,m2
GUAYAQUIL,VENTA,CASA,219.0,314.0,214000.0,m2
GUAYAQUIL,VENTA,DEPARTAMENTO,249.0,2328.0,340000.0,m2
GUAYAQUIL,VENTA,VILLA,200.0,220.0,95000.0,m2
GUAYAQUIL,ALQUILER,DEPARTAMENTO,120.0,2328.0,850.0,m2
EL TRIUNFO,VENTA,FINCA,14830000.0,320000.0,80000.0,m2
GUAYAQUIL,VENTA,DEPARTAMENTO,320.0,2328.0,110000.0,m2
SALINAS,VENTA,DEPARTAMENTO,186.0,2328.0,285000.0,m2
GUAYAQUIL,VENTA,DEPARTAMENTO,260.0,2328.0,365000.0,m2
GUAYAQUIL,VENTA,DEPARTAMENTO,240.0,2328.0,345000.0,m2
GUAYAQUIL,ALQUILER,DEPARTAMENTO,260.0,2328.0,3000.0,m2
GUAYAQUIL,VENTA,VILLA,196.0,350.0,218000.0,m2
GUAYAQUIL,VENTA,DEPARTAMENTO,125.0,2328.0,130000.0,m2
SALINAS,VENTA,PENTHOUSE,300.0,2328.0,250000.0,m2
SALINAS,VENTA,DEPARTAMENTO,60.0,2328.0,55000.0,m2
GUAYAQUIL,ALQUILER,DEPARTAMENTO,80.0,2328.0,450.0,m2
GUAYAQUIL,ALQUILER,DEPARTAMENTO,200.0,2328.0,850.0,m2
GUAYAQUIL,VENTA,VILLA,250.0,320.0,186500.0,m2
GUAYAQUIL,VENTA,CASA DUPLEX,333.0,533.0,170000.0,m2
GUAYAQUIL,VENTA,LOCAL,70.0,2328.0,69750.0,m2
SALINAS,VENTA,DEPARTAMENTO,120.0,2328.0,130000.0,m2
GUAYAQUIL,VENTA,CASA,390.0,500.0,360000.0,m2
SALINAS,VENTA,DEPARTAMENTO,125.0,2328.0,75000.0,m2
GUAYAQUIL,VENTA,VILLA,500.0,926.0,360000.0,m2
GUAYAQUIL,ALQUILER,DEPARTAMENTO,98.0,2328.0,550.0,m2
GUAYAQUIL,VENTA,VILLA,640.0,960.0,550000.0,m2
GUAYAQUIL,VENTA,VILLA,400.0,2328.0,550000.0,m2
CUENCA,VENTA,FINCA,250.0,5000.0,150000.0,m2
GUAYAQUIL,VENTA,CASA,240.0,72.0,76000.0,m2
PLAYAS,VENTA,TERRENO,1483.0,198.0,4950.0,m2
SALINAS,VENTA,VILLA,96.0,120.0,53000.0,m2
QUITO,VENTA,Hotel,2842.0,2328.0,1800000.0,m2
GUAYAQUIL,VENTA,LOCAL,100.0,2328.0,79000.0,m2
GUAYAQUIL,VENTA,BODEGA,250.0,2328.0,125000.0,m2
GUAYAQUIL,VENTA,CASA,142.0,178.0,82000.0,m2
GUAYAQUIL,VENTA,VILLA,240.0,2328.0,185000.0,m2
CUENCA,VENTA,VILLA,260.0,270.0,160000.0,m2
GUAYAQUIL,ALQUILER,OFICINA,75.0,2328.0,560.0,m2
GUAYAQUIL,ALQUILER,DEPARTAMENTO,150.0,2328.0,550.0,m2
GUAYAQUIL,VENTA,CASA,380.0,250.0,165000.0,m2
GUAYAQUIL,VENTA,CASA,240.0,2328.0,120000.0,m2
GUAYAQUIL,ALQUILER,DEPARTAMENTO,200.0,2328.0,600.0,m2
GUAYAQUIL,VENTA,DEPARTAMENTO,300.0,2328.0,150000.0,m2
GUAYAQUIL,ALQUILER,LOCAL,40.0,2328.0,700.0,m2
GUAYAQUIL,ALQUILER,OFICINA,36.0,2328.0,440.0,m2
GUAYAQUIL,ALQUILER,OFICINA,29.0,2328.0,350.0,m2
GUAYAQUIL,ALQUILER,LOCAL,58.0,2328.0,450.0,m2
GUAYAQUIL,ALQUILER,DEPARTAMENTO,140.0,2328.0,700.0,m2
GUAYAQUIL,VENTA,DEPARTAMENTO,400.0,2328.0,120000.0,m2
GUAYAQUIL,ALQUILER,DEPARTAMENTO,100.0,2328.0,400.0,m2
GUAYAQUIL,ALQUILER,OFICINA,160.0,2328.0,1400.0,m2
GUAYAQUIL,ALQUILER,OFICINA,100.0,2328.0,870.0,m2
GUAYAQUIL,VENTA,CASA,220.0,324.0,175000.0,m2
GUAYAQUIL,VENTA,CASA,220.0,324.0,180000.0,m2
GUAYAQUIL,VENTA,VILLA,308.0,495.0,285000.0,m2
GUAYAQUIL,VENTA,TERRENO,1483.0,660.0,168300.0,m2
GUAYAQUIL,VENTA,DEPARTAMENTO,300.0,2328.0,300000.0,m2
GUAYAQUIL,VENTA,VILLA,132.0,187.0,75000.0,m2
GUAYAQUIL,VENTA,VILLA,1483.0,147.0,80000.0,m2
SALINAS,ALQUILER,DEPARTAMENTO,180.0,2328.0,1100.0,m2
SALINAS,VENTA,DEPARTAMENTO,180.0,2328.0,106000.0,m2
SALINAS,VENTA,DEPARTAMENTO,140.0,2328.0,56000.0,m2
GUAYAQUIL,VENTA,DEPARTAMENTO,158.0,2328.0,55000.0,m2
GUAYAQUIL,VENTA,CASA,217.0,298.0,211000.0,m2
GUAYAQUIL,VENTA,TERRENO,1483.0,817.0,191990.0,m2
GUAYAQUIL,ALQUILER,DEPARTAMENTO,150.0,2328.0,1100.0,m2
GUAYAQUIL,VENTA,CASA,220.0,300.0,240000.0,m2
GUAYAQUIL,ALQUILER,DEPARTAMENTO,187.0,2328.0,1400.0,m2
GUAYAQUIL,VENTA,DEPARTAMENTO,247.0,2328.0,350000.0,m2
GUAYAQUIL,ALQUILER,DEPARTAMENTO,247.0,2328.0,3000.0,m2
GUAYAQUIL,VENTA,DEPARTAMENTO,185.0,2328.0,98500.0,m2
MANTA,VENTA,OFICINA,58.0,2328.0,40000.0,m2
GUAYAQUIL,VENTA,EDIFICIO,566.0,2328.0,600000.0,m2
SALINAS,ALQUILER,DEPARTAMENTO,175.0,2328.0,1200.0,m2
SALINAS,VENTA,DEPARTAMENTO,175.0,2328.0,120000.0,m2
SALINAS,VENTA,DEPARTAMENTO,124.0,2328.0,105000.0,m2
GUAYAQUIL,VENTA,CASA,220.0,78.0,60000.0,m2
GUAYAQUIL,ALQUILER,BODEGA,1200.0,1200.0,4800.0,m2
GUAYAQUIL,VENTA,CASA,87.0,61.0,20000.0,m2
GUAYAQUIL,VENTA,DEPARTAMENTO,161.0,2328.0,75000.0,m2
GUAYAQUIL,VENTA,TERRENO,1483.0,8700.0,130000.0,m2
RUTA DEL SOL,VENTA,TERRENO,1483.0,398.0,30000.0,m2
GUAYAQUIL,VENTA,VILLA,970.0,900.0,450000.0,m2
GUAYAQUIL,VENTA,SUITE,50.0,2328.0,30000.0,m2
GUAYAQUIL,VENTA,TERRENO,1483.0,53000.0,4700000.0,m2
GUAYAQUIL,VENTA,TERRENO,1483.0,600.0,78000.0,m2
GUAYAQUIL,ALQUILER,DEPARTAMENTO,164.0,2328.0,1600.0,m2
GUAYAQUIL,VENTA,BODEGA,1483.0,2400.0,450000.0,m2
GUAYAQUIL,VENTA,BODEGA,6650.0,5993.0,1500000.0,m2
GUAYAQUIL,VENTA,CASA,327.0,588.0,290000.0,m2
GUAYAQUIL,VENTA,CASA,400.0,312.0,170000.0,m2
GUAYAQUIL,VENTA,VILLA,110.0,180.0,67000.0,m2
GUAYAQUIL,VENTA,VILLA,300.0,500.0,173000.0,m2
QUITO,VENTA,CASA,305.0,597.0,160000.0,m2
GUAYAQUIL,ALQUILER,CASA,240.0,360.0,2000.0,m2
GUAYAQUIL,VENTA,EDIFICIO,1300.0,260.0,330000.0,m2
GUAYAQUIL,VENTA,LOCAL,400.0,2328.0,220000.0,m2
GUAYAQUIL,VENTA,DEPARTAMENTO,336.0,2328.0,149000.0,m2
GUAYAQUIL,ALQUILER,DEPARTAMENTO,110.0,2328.0,350.0,m2
GUAYAQUIL,VENTA,EDIFICIO,600.0,300.0,150000.0,m2
GUAYAQUIL,VENTA,CASA,125.0,155.0,68000.0,m2
GUAYAQUIL,VENTA,CASA,300.0,218.0,110000.0,m2
GUAYAQUIL,VENTA,TERRENO,1483.0,3600.0,450000.0,m2
GUAYAQUIL,ALQUILER,OFICINA,322.0,2328.0,3220.0,m2
GUAYAQUIL,ALQUILER,OFICINA,200.0,2328.0,2000.0,m2
GUAYAQUIL,ALQUILER,VILLA,330.0,2328.0,2200.0,m2
GUAYAQUIL,VENTA,TERRENO,1483.0,680.0,180303.0,m2
GUAYAQUIL,VENTA,TERRENO,1483.0,963.0,255354.0,m2
GUAYAQUIL,VENTA,TERRENO,1483.0,1269.0,177660.0,m2
GUAYAQUIL,VENTA,TERRENO,1483.0,1157.0,167765.0,m2
SALINAS,VENTA,DEPARTAMENTO,185.0,2328.0,200000.0,m2
GUAYAQUIL,ALQUILER,VILLA,100.0,100.0,500.0,m2
GUAYAQUIL,VENTA,DEPARTAMENTO,132.0,2328.0,113000.0,m2
GUAYAQUIL,VENTA,DEPARTAMENTO,132.0,2328.0,85000.0,m2
GUAYAQUIL,ALQUILER,OFICINA,400.0,2328.0,4356.0,m2
GUAYAQUIL,VENTA,OFICINA,228.0,2328.0,285000.0,m2
GUAYAQUIL,ALQUILER,OFICINA,243.0,2328.0,2916.0,m2
GUAYAQUIL,VENTA,CASA,640.0,630.0,300000.0,m2
GUAYAQUIL,VENTA,EDIFICIO,828.0,300.0,700000.0,m2
GUAYAQUIL,VENTA,EDIFICIO,1170.0,290.0,240000.0,m2
GUAYAQUIL,VENTA,VILLA,520.0,450.0,180000.0,m2
GUAYAQUIL,VENTA,VILLA,400.0,964.0,250000.0,m2
PLAYAS,VENTA,CASA,220.0,700.0,85000.0,m2
OLON,ALQUILER,CASA,85.0,490.0,700.0,m2
GUAYAQUIL,VENTA,TERRENO,1483.0,212.0,35000.0,m2
GUAYAQUIL,VENTA,VILLA,180.0,2328.0,100000.0,m2
GUAYAQUIL,VENTA,VILLA,200.0,200.0,115000.0,m2
GUAYAQUIL,ALQUILER,OFICINA,54.0,2328.0,800.0,m2
RIOBAMBA,VENTA,CASA,225.0,555.0,200000.0,m2
GUAYAQUIL,VENTA,DEPARTAMENTO,110.0,130.0,72000.0,m2
GUAYAQUIL,ALQUILER,DEPARTAMENTO,90.0,300.0,700.0,m2
QUITO,ALQUILER,OFICINA,100.0,2328.0,800.0,m2
GUAYAQUIL,ALQUILER,SUITE,48.0,2328.0,1000.0,m2
RUTA DEL SOL,ALQUILER,DEPARTAMENTO,100.0,2328.0,1500.0,m2
GUAYAQUIL,VENTA,DEPARTAMENTO,150.0,2328.0,86000.0,m2
GUAYAQUIL,VENTA,TERRENO,1483.0,120000.0,4800000.0,m2
GUAYAQUIL,ALQUILER,DEPARTAMENTO,120.0,2328.0,1200.0,m2
GUAYAQUIL,VENTA,CASA,180.0,250.0,168000.0,m2
GUAYAQUIL,ALQUILER,DEPARTAMENTO,300.0,2328.0,1500.0,m2
RUTA DEL SOL,VENTA,DEPARTAMENTO,100.0,2328.0,130000.0,m2
GUAYAQUIL,VENTA,VILLA,650.0,2000.0,400000.0,m2
GUAYAQUIL,VENTA,CASA,117.0,152.0,75000.0,m2
RUTA DEL SOL,VENTA,TERRENO,1483.0,700.0,22000.0,m2
GUAYAQUIL,VENTA,CASA,260.0,480.0,247500.0,m2
GUAYAQUIL,VENTA,DEPARTAMENTO,175.0,2328.0,120000.0,m2
GUAYAQUIL,VENTA,TERRENO,1483.0,416.0,66560.0,m2
GUAYAQUIL,VENTA,DEPARTAMENTO,166.0,2328.0,165000.0,m2
GUAYAQUIL,VENTA,DEPARTAMENTO,190.0,2328.0,188000.0,m2
GUAYAQUIL,ALQUILER,OFICINA,76.0,2328.0,850.0,m2
GUAYAQUIL,ALQUILER,OFICINA,110.0,2328.0,1200.0,m2
MANTA,VENTA,DEPARTAMENTO,81.0,2328.0,22000.0,m2
BAHÍA DE CARAQUEZ,VENTA,TERRENO,1483.0,1878.0,145000.0,m2
MANTA,VENTA,TERRENO,1483.0,996.0,33000.0,m2
CRUCITA,VENTA,TERRENO,1483.0,35280.0,350000.0,m2
MANTA,VENTA,TERRENO,1483.0,102878.0,630000.0,m2
MONTECRISTI,VENTA,TERRENO,1483.0,5965.0,190000.0,m2
MANTA,VENTA,TERRENO,1483.0,3035.0,456000.0,m2
MANTA,VENTA,OFICINA,68.0,2328.0,40000.0,m2
MANTA,VENTA,OFICINA,128.0,2328.0,73000.0,m2
MANTA,VENTA,OFICINA,84.0,2328.0,50000.0,m2
MANTA,VENTA,OFICINA,63.0,2328.0,35000.0,m2
MANTA,VENTA,OFICINA,84.0,2328.0,50000.0,m2
MANTA,VENTA,OFICINA,63.0,2328.0,37000.0,m2
MANTA,VENTA,OFICINA,125.0,2328.0,70000.0,m2
MANTA,VENTA,OFICINA,84.0,2328.0,50000.0,m2
MANTA,VENTA,OFICINA,63.0,2328.0,37000.0,m2
MANTA,VENTA,OFICINA,84.0,2328.0,50000.0,m2
MANTA,VENTA,OFICINA,63.0,2328.0,37000.0,m2
MANTA,VENTA,OFICINA,124.0,2328.0,70000.0,m2
MANTA,VENTA,OFICINA,84.0,2328.0,50000.0,m2
MANTA,VENTA,OFICINA,63.0,2328.0,37000.0,m2
MANTA,VENTA,OFICINA,63.0,2328.0,37000.0,m2
MANTA,VENTA,OFICINA,442.0,2328.0,250000.0,m2
GUAYAQUIL,VENTA,CASA,185.0,270.0,169000.0,m2
GUAYAQUIL,VENTA,VILLA,220.0,320.0,170000.0,m2
GUAYAQUIL,ALQUILER,BODEGA,240.0,2328.0,1600.0,m2
SALINAS,VENTA,TERRENO,1483.0,360.0,8800.0,m2
SALINAS,ALQUILER,VILLA,94.0,77.0,350.0,m2
SALINAS,ALQUILER,VILLA,88.0,105.0,350.0,m2
SALINAS,VENTA,DEPARTAMENTO,105.0,2328.0,155000.0,m2
RUTA DEL SOL,VENTA,TERRENO,1483.0,500.0,20000.0,m2
SALINAS,VENTA,DEPARTAMENTO,145.0,2328.0,165000.0,m2
GUAYAQUIL,VENTA,DEPARTAMENTO,111.0,2328.0,95100.0,m2
GUAYAQUIL,VENTA,DEPARTAMENTO,101.0,2328.0,114500.0,m2
GUAYAQUIL,ALQUILER,DEPARTAMENTO,70.0,300.0,500.0,m2
GUAYAQUIL,VENTA,VILLA,230.0,453.0,250000.0,m2
GUAYAQUIL,VENTA,CASA,251.0,315.0,214000.0,m2
GUAYAQUIL,VENTA,CASA,251.0,299.0,211000.0,m2
GUAYAQUIL,VENTA,DEPARTAMENTO,135.0,2328.0,129000.0,m2
GUAYAQUIL,VENTA,CASA,300.0,500.0,175000.0,m2
GUAYAQUIL,VENTA,VILLA,232.0,442.0,238000.0,m2
GUAYAQUIL,VENTA,TERRENO,1483.0,140000.0,980000.0,m2
SALINAS,VENTA,PENTHOUSE,212.0,2328.0,350000.0,m2
PUERTO LUCIA,VENTA,DEPARTAMENTO,120.0,2328.0,140000.0,m2
PUERTO LUCIA,ALQUILER,DEPARTAMENTO,120.0,2328.0,1500.0,m2
SALINAS,ALQUILER,PENTHOUSE,336.0,2328.0,2500.0,m2
GUAYAQUIL,VENTA,VILLA,180.0,328.0,189800.0,m2
GUAYAQUIL,VENTA,CASA,228.0,333.0,195000.0,m2
GUAYAQUIL,VENTA,VILLA,250.0,330.0,160000.0,m2
GUAYAQUIL,VENTA,DEPARTAMENTO,162.0,2328.0,94950.0,m2
GUAYAQUIL,ALQUILER,LOCAL,30.0,2328.0,400.0,m2
GUAYAQUIL,VENTA,CASA,127.0,156.0,85000.0,m2
GUAYAQUIL,VENTA,VILLA,175.0,232.0,145000.0,m2
GUAYAQUIL,VENTA,DEPARTAMENTO,136.0,2328.0,110000.0,m2
GUAYAQUIL,VENTA,OFICINA,148.0,2328.0,190000.0,m2
GUAYAQUIL,VENTA,OFICINA,143.0,2328.0,80000.0,m2
GUAYAQUIL,VENTA,CASA,243.0,249.0,158000.0,m2
GUAYAQUIL,VENTA,CASA,106.0,180.0,97000.0,m2
GUAYAQUIL,VENTA,DEPARTAMENTO,157.0,2328.0,122000.0,m2
GUAYAQUIL,VENTA,DEPARTAMENTO,320.0,2328.0,124000.0,m2
GUAYAQUIL,VENTA,CASA,600.0,488.0,350000.0,m2
GUAYAQUIL,VENTA,VILLA,219.0,300.0,142000.0,m2
GUAYAQUIL,ALQUILER,DEPARTAMENTO,180.0,2328.0,550.0,m2
GUAYAQUIL,VENTA,CONDOMINIO,740.0,240.0,220000.0,m2
GUAYAQUIL,VENTA,CASA,400.0,478.0,405000.0,m2
SALINAS,VENTA,CASA,260.0,375.0,320000.0,m2
GUAYAQUIL,VENTA,VILLA,228.0,333.0,195000.0,m2
QUITO,VENTA,VILLA,800.0,1500.0,300000.0,m2
GUAYAQUIL,VENTA,CASA,300.0,500.0,295000.0,m2
GUAYAQUIL,VENTA,CASA,190.0,250.0,165000.0,m2
GUAYAQUIL,ALQUILER,DEPARTAMENTO,170.0,2328.0,2400.0,m2
GUAYAQUIL,VENTA,VILLA,230.0,240.0,225000.0,m2
MANTA,VENTA,CASA,160.0,420.0,118000.0,m2
GUAYAQUIL,VENTA,CASA,95.0,190.0,62000.0,m2
GUAYAQUIL,ALQUILER,OFICINA,80.0,80.0,1100.0,m2
GUAYAQUIL,VENTA,VILLA,321.0,300.0,215000.0,m2
GUAYAQUIL,VENTA,VILLA,220.0,240.0,87000.0,m2
GUAYAQUIL,VENTA,DEPARTAMENTO,110.0,2328.0,87000.0,m2
GUAYAQUIL,VENTA,DEPARTAMENTO,116.0,2328.0,70000.0,m2
GUAYAQUIL,ALQUILER,OFICINA,240.0,2328.0,800.0,m2
GUAYAQUIL,ALQUILER,DEPARTAMENTO,150.0,2328.0,1300.0,m2
GUAYAQUIL,ALQUILER,DEPARTAMENTO,265.0,300.0,380.0,m2
SALINAS,VENTA,DEPARTAMENTO,225.0,2328.0,230000.0,m2
GUAYAQUIL,ALQUILER,DEPARTAMENTO,100.0,100.0,360.0,m2
GUAYAQUIL,VENTA,OFICINA,750.0,1615.0,840000.0,m2
GUAYAQUIL,VENTA,VILLA,134.0,186.0,75000.0,m2
GUAYAQUIL,VENTA,DEPARTAMENTO,140.0,2328.0,60000.0,m2
GUAYAQUIL,VENTA,LOCAL,526.0,2328.0,450000.0,m2
GUAYAQUIL,ALQUILER,CASA DUPLEX,250.0,400.0,1500.0,m2
GUAYAQUIL,ALQUILER,CASA,400.0,260.0,1800.0,m2
GUAYAQUIL,ALQUILER,DEPARTAMENTO,157.0,2328.0,850.0,m2
GUAYAQUIL,ALQUILER,DEPARTAMENTO,150.0,2328.0,850.0,m2
GUAYAQUIL,ALQUILER,DEPARTAMENTO,160.0,2328.0,1500.0,m2
GUAYAQUIL,ALQUILER,DEPARTAMENTO,168.0,2328.0,1700.0,m2
GUAYAQUIL,ALQUILER,DEPARTAMENTO,160.0,2328.0,850.0,m2
GUAYAQUIL,ALQUILER,DEPARTAMENTO,100.0,2328.0,750.0,m2
GUAYAQUIL,ALQUILER,DEPARTAMENTO,100.0,2328.0,600.0,m2
GUAYAQUIL,ALQUILER,DEPARTAMENTO,150.0,2328.0,850.0,m2
GUAYAQUIL,ALQUILER,DEPARTAMENTO,168.0,2328.0,1700.0,m2
GUAYAQUIL,VENTA,CASA DUPLEX,153.0,170.0,140000.0,m2
GUAYAQUIL,ALQUILER,SUITE,50.0,2328.0,850.0,m2
GUAYAQUIL,ALQUILER,DEPARTAMENTO,40.0,2328.0,900.0,m2
GUAYAQUIL,VENTA,OFICINA,500.0,800.0,650000.0,m2
GUAYAQUIL,VENTA,CASA,169.0,200.0,168000.0,m2
GUAYAQUIL,ALQUILER,DEPARTAMENTO,90.0,2328.0,900.0,m2
GUAYAQUIL,VENTA,VILLA,350.0,750.0,380000.0,m2
GUAYAQUIL,VENTA,VILLA,251.0,378.0,205000.0,m2
GUAYAQUIL,VENTA,VILLA,250.0,510.0,275000.0,m2
GUAYAQUIL,ALQUILER,LOCAL,76.0,2328.0,2800.0,m2
GUAYAQUIL,VENTA,VILLA,500.0,530.0,310000.0,m2
GUAYAQUIL,VENTA,OFICINA,60.0,2328.0,60000.0,m2
QUITO,VENTA,FINCA,1483.0,56130.0,1900000.0,m2
GUAYAQUIL,VENTA,VILLA,142.0,136.0,70000.0,m2
GUAYAQUIL,VENTA,VILLA,118.0,157.0,77000.0,m2
GUAYAQUIL,VENTA,VILLA,240.0,160.0,55000.0,m2
GUAYAQUIL,ALQUILER,OFICINA,230.0,2328.0,3500.0,m2
GUAYAQUIL,VENTA,TERRENO,1483.0,9500.0,380000.0,m2
GUAYAQUIL,ALQUILER,DEPARTAMENTO,130.0,2328.0,800.0,m2
GUAYAQUIL,VENTA,VILLA,300.0,140.0,160000.0,m2
GUAYAQUIL,ALQUILER,DEPARTAMENTO,120.0,2328.0,700.0,m2
GUAYAQUIL,VENTA,TERRENO,1483.0,356.0,50000.0,m2
GUAYAQUIL,ALQUILER,CASA,220.0,240.0,850.0,m2
GUAYAQUIL,ALQUILER,OFICINA,100.0,2328.0,1500.0,m2
SALINAS,VENTA,DEPARTAMENTO,489.0,2328.0,430000.0,m2
GUAYAQUIL,VENTA,TERRENO,1483.0,760.0,20000.0,m2
GUAYAQUIL,VENTA,SUITE,57.0,2328.0,86000.0,m2
GUAYAQUIL,VENTA,SUITE,44.0,2328.0,85000.0,m2
GUAYAQUIL,VENTA,VILLA,14140.0,13125.0,81000.0,m2
GUAYAQUIL,VENTA,CASA,140.0,180.0,95000.0,m2
GUAYAQUIL,VENTA,EDIFICIO,1049.0,649.0,780000.0,m2
GUAYAQUIL,VENTA,DEPARTAMENTO,100.0,2328.0,50000.0,m2
GUAYAQUIL,VENTA,VILLA,402.0,725.0,390000.0,m2
GUAYAQUIL,VENTA,VILLA,210.0,202.0,160000.0,m2
GUAYAQUIL,ALQUILER,VILLA,495.0,430.0,2500.0,m2
GUAYAQUIL,ALQUILER,VILLA,200.0,2328.0,1400.0,m2
GUAYAQUIL,VENTA,DEPARTAMENTO,155.0,2328.0,53000.0,m2
GUAYAQUIL,ALQUILER,OFICINA,126.0,2328.0,1200.0,m2
GUAYAQUIL,VENTA,CASA,148.0,185.0,155000.0,m2
GUAYAQUIL,VENTA,CASA,340.0,800.0,170000.0,m2
BAHÍA DE CARAQUEZ,VENTA,TERRENO,1483.0,50000.0,2500000.0,m2
RUTA DEL SOL,VENTA,VILLA,400.0,1000.0,250000.0,m2
GUAYAQUIL,VENTA,SUITE,55.0,2328.0,32000.0,m2
MANTA,VENTA,TERRENO,1483.0,600.0,15000.0,m2
MANTA,VENTA,CASA,240.0,600.0,110000.0,m2
SALINAS,VENTA,DEPARTAMENTO,170.0,2328.0,144000.0,m2
GUAYAQUIL,VENTA,TERRENO,1483.0,415.0,55000.0,m2
GUAYAQUIL,VENTA,DEPARTAMENTO,120.0,2328.0,86000.0,m2
GUAYAQUIL,VENTA,DEPARTAMENTO,138.0,2328.0,59000.0,m2
GUAYAQUIL,VENTA,VILLA,300.0,255.0,165000.0,m2
RUTA DEL SOL,VENTA,CASA,365.0,714.0,350000.0,m2
GUAYAQUIL,VENTA,TERRENO,1483.0,780.0,144300.0,m2
GUAYAQUIL,VENTA,CASA,650.0,1200.0,650000.0,m2
GUAYAQUIL,VENTA,VILLA,440.0,580.0,350000.0,m2
GUAYAQUIL,VENTA,CASA,450.0,650.0,550000.0,m2
GUAYAQUIL,VENTA,CASA,650.0,1850.0,650000.0,m2
GUAYAQUIL,VENTA,VILLA,240.0,240.0,225000.0,m2
GUAYAQUIL,VENTA,CASA,420.0,500.0,350000.0,m2
GUAYAQUIL,VENTA,VILLA,198.0,270.0,165000.0,m2
GUAYAQUIL,VENTA,CASA,1483.0,300.0,188000.0,m2
GUAYAQUIL,VENTA,VILLA,230.0,488.0,250000.0,m2
GUAYAQUIL,VENTA,CASA DUPLEX,153.0,170.0,140000.0,m2
GUAYAQUIL,VENTA,OFICINA,168.0,2328.0,126000.0,m2
GUAYAQUIL,VENTA,OFICINA,220.0,2328.0,165000.0,m2
GUAYAQUIL,VENTA,OFICINA,52.0,2328.0,21000.0,m2
GUAYAQUIL,VENTA,OFICINA,442.0,2328.0,243000.0,m2
GUAYAQUIL,ALQUILER,DEPARTAMENTO,165.0,2328.0,1000.0,m2
GUAYAQUIL,VENTA,VILLA,400.0,1000.0,380000.0,m2
GUAYAQUIL,VENTA,CASA,240.0,240.0,220000.0,m2
GUAYAQUIL,VENTA,DEPARTAMENTO,145.0,2328.0,145000.0,m2
GUAYAQUIL,VENTA,VILLA,220.0,300.0,211000.0,m2
RUTA DEL SOL,VENTA,DEPARTAMENTO,100.0,2328.0,120000.0,m2
GUAYAQUIL,VENTA,TERRENO,1483.0,29000.0,2700000.0,m2
GUAYAQUIL,VENTA,DEPARTAMENTO,110.0,2328.0,52000.0,m2
GUAYAQUIL,VENTA,DEPARTAMENTO,130.0,2328.0,95000.0,m2
GUAYAQUIL,VENTA,DEPARTAMENTO,230.0,2328.0,330000.0,m2
GUAYAQUIL,VENTA,TERRENO,1483.0,810.0,283500.0,m2
GUAYAQUIL,VENTA,DEPARTAMENTO,170.0,2328.0,185000.0,m2
GUAYAQUIL,VENTA,DEPARTAMENTO,200.0,2328.0,200000.0,m2
GUAYAQUIL,VENTA,VILLA,350.0,500.0,375000.0,m2
GUAYAQUIL,VENTA,VILLA,1000.0,1400.0,2000000.0,m2
GUAYAQUIL,VENTA,CASA,1483.0,454.0,250000.0,m2
GUAYAQUIL,VENTA,VILLA,700.0,1000.0,650000.0,m2
SALINAS,ALQUILER,VILLA,150.0,400.0,1600.0,m2
SALINAS,ALQUILER,DEPARTAMENTO,55.0,2328.0,300.0,m2
SALINAS,VENTA,TERRENO,1483.0,270.0,35000.0,m2
GUAYAQUIL,VENTA,CASA,140.0,2328.0,96000.0,m2
GUAYAQUIL,VENTA,CASA DUPLEX,260.0,220.0,155000.0,m2
GUAYAQUIL,VENTA,CASA,300.0,400.0,135000.0,m2
GUAYAQUIL,VENTA,EDIFICIO,990.0,460.0,215000.0,m2
SALINAS,VENTA,DEPARTAMENTO,140.0,2328.0,160000.0,m2
SALINAS,VENTA,DEPARTAMENTO,160.0,2328.0,140000.0,m2
GUAYAQUIL,VENTA,DEPARTAMENTO,140.0,2328.0,63000.0,m2
GUAYAQUIL,ALQUILER,VILLA,140.0,2328.0,600.0,m2
GUAYAQUIL,VENTA,OTROS,300.0,2328.0,180000.0,m2
GUAYAQUIL,VENTA,OFICINA,52.0,2328.0,55000.0,m2
GUAYAQUIL,ALQUILER,LOCAL,600.0,2328.0,3000.0,m2
GUAYAQUIL,ALQUILER,LOCAL,500.0,2328.0,5000.0,m2
GUAYAQUIL,VENTA,VILLA,300.0,800.0,280000.0,m2
GUAYAQUIL,VENTA,EDIFICIO,350.0,2328.0,185000.0,m2
GUAYAQUIL,ALQUILER,CASA,300.0,600.0,2000.0,m2
GUAYAQUIL,VENTA,DEPARTAMENTO,283.0,2328.0,424500.0,m2
GUAYAQUIL,VENTA,DEPARTAMENTO,230.0,2328.0,345000.0,m2
GUAYAQUIL,ALQUILER,VILLA,300.0,500.0,2500.0,m2
GUAYAQUIL,ALQUILER,VILLA,300.0,480.0,2500.0,m2
SALINAS,VENTA,DEPARTAMENTO,125.0,2328.0,75000.0,m2
GUAYAQUIL,VENTA,CASA,141.0,131.0,81000.0,m2
GUAYAQUIL,VENTA,VILLA,190.0,255.0,149000.0,m2
GUAYAQUIL,VENTA,VILLA,400.0,400.0,300000.0,m2
GUAYAQUIL,VENTA,CASA,300.0,600.0,160000.0,m2
GUAYAQUIL,VENTA,CASA,213.0,328.0,208000.0,m2
GUAYAQUIL,VENTA,CASA,179.0,328.0,189800.0,m2
SALINAS,ALQUILER,DEPARTAMENTO,150.0,2328.0,1600.0,m2
GUAYAQUIL,VENTA,VILLA,330.0,2328.0,345000.0,m2
GUAYAQUIL,VENTA,VILLA,450.0,650.0,565000.0,m2
GUAYAQUIL,VENTA,CASA,650.0,2000.0,600000.0,m2
GUAYAQUIL,VENTA,VILLA,366.0,482.0,315000.0,m2
GUAYAQUIL,VENTA,VILLA,1000.0,2000.0,1200000.0,m2
GUAYAQUIL,VENTA,VILLA,366.0,482.0,315000.0,m2
GUAYAQUIL,VENTA,VILLA,1483.0,700.0,440000.0,m2
GUAYAQUIL,VENTA,VILLA,380.0,750.0,550000.0,m2
GUAYAQUIL,VENTA,CASA,380.0,585.0,230000.0,m2
GUAYAQUIL,ALQUILER,OFICINA,49.0,49.0,700.0,m2
GUAYAQUIL,VENTA,DEPARTAMENTO,400.0,2328.0,180000.0,m2
GUAYAQUIL,VENTA,CASA,425.0,570.0,270000.0,m2
SALINAS,VENTA,VILLA,176.0,261.0,75000.0,m2
GUAYAQUIL,VENTA,TERRENO,1483.0,400.0,19000.0,m2
GUAYAQUIL,VENTA,CASA,1483.0,500.0,78000.0,m2
GUAYAQUIL,VENTA,CASA,200.0,800.0,98000.0,m2
RUTA DEL SOL,VENTA,TERRENO,1483.0,500.0,95000.0,m2
GUAYAQUIL,ALQUILER,DEPARTAMENTO,300.0,2328.0,1600.0,m2
GUAYAQUIL,ALQUILER,CASA,230.0,2328.0,2500.0,m2
GUAYAQUIL,VENTA,CASA,450.0,2328.0,165000.0,m2
GUAYAQUIL,VENTA,CASA,570.0,570.0,200000.0,m2
GUAYAQUIL,VENTA,CASA,1483.0,1360.0,300000.0,m2
GUAYAQUIL,VENTA,DEPARTAMENTO,88.0,2328.0,70000.0,m2
GUAYAQUIL,ALQUILER,DEPARTAMENTO,100.0,2328.0,480.0,m2
GUAYAQUIL,ALQUILER,SUITE,80.0,2328.0,350.0,m2
GUAYAQUIL,ALQUILER,DEPARTAMENTO,210.0,2328.0,650.0,m2
GUAYAQUIL,ALQUILER,DEPARTAMENTO,120.0,2328.0,600.0,m2
GUAYAQUIL,ALQUILER,DEPARTAMENTO,110.0,2328.0,350.0,m2
GUAYAQUIL,ALQUILER,DEPARTAMENTO,127.0,2328.0,700.0,m2
GUAYAQUIL,ALQUILER,DEPARTAMENTO,140.0,2328.0,450.0,m2
GUAYAQUIL,ALQUILER,DEPARTAMENTO,135.0,2328.0,300.0,m2
GUAYAQUIL,ALQUILER,LOCAL,18.0,2328.0,300.0,m2
GUAYAQUIL,ALQUILER,CASA,195.0,2328.0,800.0,m2
GUAYAQUIL,ALQUILER,DEPARTAMENTO,60.0,2328.0,140.0,m2
GUAYAQUIL,ALQUILER,CASA,450.0,800.0,3200.0,m2
GUAYAQUIL,ALQUILER,OFICINA,80.0,2328.0,300.0,m2
GUAYAQUIL,ALQUILER,DEPARTAMENTO,105.0,2328.0,450.0,m2
GUAYAQUIL,ALQUILER,LOCAL,44.0,2328.0,450.0,m2
GUAYAQUIL,ALQUILER,LOCAL,120.0,2328.0,800.0,m2
GUAYAQUIL,ALQUILER,LOCAL,25.0,2328.0,450.0,m2
GUAYAQUIL,ALQUILER,DEPARTAMENTO,110.0,2328.0,400.0,m2
GUAYAQUIL,ALQUILER,LOCAL,25.0,2328.0,450.0,m2
GUAYAQUIL,ALQUILER,DEPARTAMENTO,280.0,2328.0,2400.0,m2
GUAYAQUIL,ALQUILER,DEPARTAMENTO,45.0,2328.0,400.0,m2
GUAYAQUIL,ALQUILER,DEPARTAMENTO,70.0,2328.0,600.0,m2
GUAYAQUIL,ALQUILER,SUITE,45.0,2328.0,180.0,m2
GUAYAQUIL,ALQUILER,DEPARTAMENTO,110.0,2328.0,480.0,m2
GUAYAQUIL,ALQUILER,DEPARTAMENTO,90.0,2328.0,280.0,m2
GUAYAQUIL,ALQUILER,CASA,120.0,2328.0,700.0,m2
GUAYAQUIL,VENTA,CASA,450.0,2328.0,220000.0,m2
GUAYAQUIL,VENTA,EDIFICIO,705.0,2328.0,380000.0,m2
SALINAS,VENTA,VILLA,230.0,500.0,119000.0,m2
SALINAS,ALQUILER,DEPARTAMENTO,150.0,2328.0,1500.0,m2
GUAYAQUIL,ALQUILER,CASA,110.0,130.0,380.0,m2
GUAYAQUIL,ALQUILER,CASA,180.0,317.0,1300.0,m2
GUAYAQUIL,VENTA,CASA,400.0,450.0,325000.0,m2
GUAYAQUIL,ALQUILER,DEPARTAMENTO,200.0,250.0,680.0,m2
BAHÍA DE CARAQUEZ,VENTA,TERRENO,1483.0,1878.0,150000.0,m2
GUAYAQUIL,VENTA,CASA,252.0,265.0,165000.0,m2
SALINAS,VENTA,DEPARTAMENTO,156.0,2328.0,185000.0,m2
GUAYAQUIL,VENTA,CASA,300.0,680.0,160000.0,m2
GUAYAQUIL,VENTA,CASA DUPLEX,131.0,2328.0,119950.0,m2
GUAYAQUIL,VENTA,VILLA,129.0,180.0,94950.0,m2
GUAYAQUIL,VENTA,CASA DUPLEX,166.0,2328.0,104950.0,m2
RUTA DEL SOL,VENTA,DEPARTAMENTO,180.0,2328.0,171500.0,m2
GUAYAQUIL,VENTA,CASA,280.0,2328.0,150000.0,m2
GUAYAQUIL,VENTA,CASA,450.0,540.0,380000.0,m2
GUAYAQUIL,ALQUILER,CASA,150.0,120.0,400.0,m2
GUAYAQUIL,VENTA,OFICINA,80.0,2328.0,100000.0,m2
GUAYAQUIL,ALQUILER,VILLA,490.0,576.0,3000.0,m2
SALINAS,VENTA,DEPARTAMENTO,350.0,2328.0,330000.0,m2
GUAYAQUIL,VENTA,TERRENO,1483.0,800.0,164950.0,m2
PUNTA BLANCA,VENTA,DEPARTAMENTO,204.0,2328.0,193800.0,m2
GUAYAQUIL,VENTA,DEPARTAMENTO,79.0,2328.0,65950.0,m2
MANTA,VENTA,SUITE,174.0,2328.0,102000.0,m2
GUAYAQUIL,VENTA,SUITE,36.0,2328.0,51000.0,m2
GUAYAQUIL,VENTA,PENTHOUSE,166.0,2328.0,130000.0,m2
GUAYAQUIL,VENTA,TERRENO,1483.0,660.0,171600.0,m2
GUAYAQUIL,VENTA,TERRENO,1483.0,780.0,210840.0,m2
GUAYAQUIL,VENTA,TERRENO,1483.0,761.0,205470.0,m2
GUAYAQUIL,VENTA,TERRENO,1483.0,788.0,208958.0,m2
GUAYAQUIL,VENTA,CONDOMINIO,122.0,2328.0,168000.0,m2
ESMERALDA,VENTA,CASA,400.0,488.0,320000.0,m2
GUAYAQUIL,VENTA,CASA,365.0,521.0,380000.0,m2
GUAYAQUIL,ALQUILER,CASA,560.0,2328.0,4800.0,m2
GUAYAQUIL,VENTA,DEPARTAMENTO,118.0,2328.0,125000.0,m2
SALINAS,VENTA,DEPARTAMENTO,178.0,2328.0,125000.0,m2
GUAYAQUIL,VENTA,VILLA,300.0,350.0,135000.0,m2
GUAYAQUIL,ALQUILER,SUITE,50.0,2328.0,1000.0,m2
GUAYAQUIL,ALQUILER,CASA,300.0,700.0,1700.0,m2
GUAYAQUIL,ALQUILER,DEPARTAMENTO,163.0,2328.0,600.0,m2
QUITO,VENTA,CASA,123.0,2328.0,79000.0,m2
SALINAS,VENTA,TERRENO,1483.0,250.0,9500.0,m2
GUAYAQUIL,ALQUILER,DEPARTAMENTO,145.0,2328.0,700.0,m2
GUAYAQUIL,VENTA,DEPARTAMENTO,110.0,2328.0,86500.0,m2
PEDRO CARBO,VENTA,TERRENO,1483.0,16000.0,180000.0,m2
GUAYAQUIL,VENTA,VILLA,320.0,600.0,340000.0,m2
SAN VICENTE,VENTA,CASA,223.0,252.0,32000.0,m2
GUAYAQUIL,VENTA,DEPARTAMENTO,115.0,115.0,68000.0,m2
GUAYAQUIL,ALQUILER,CASA DUPLEX,200.0,398.0,1200.0,m2
GUAYAQUIL,ALQUILER,CASA DUPLEX,280.0,320.0,1500.0,m2
SALINAS,VENTA,TERRENO,1483.0,406.0,16500.0,m2
GUAYAQUIL,VENTA,CASA,400.0,270.0,198000.0,m2
GUAYAQUIL,VENTA,SUITE,74.0,2328.0,42000.0,m2
GUAYAQUIL,VENTA,TERRENO,1483.0,545.0,88000.0,m2
GUAYAQUIL,VENTA,CASA,170.0,180.0,110000.0,m2
GUAYAQUIL,VENTA,DEPARTAMENTO,320.0,2328.0,120000.0,m2
GUAYAQUIL,VENTA,PENTHOUSE,266.0,2328.0,120000.0,m2
GUAYAQUIL,ALQUILER,DEPARTAMENTO,85.0,2328.0,800.0,m2
GUAYAQUIL,VENTA,DEPARTAMENTO,300.0,2328.0,150000.0,m2
GUAYAQUIL,VENTA,CASA,160.0,200.0,120000.0,m2
GUAYAQUIL,ALQUILER,OFICINA,45.0,2328.0,500.0,m2
GUAYAQUIL,ALQUILER,CASA,350.0,560.0,3500.0,m2
GUAYAQUIL,VENTA,SUITE,50.0,2328.0,95000.0,m2
SALINAS,VENTA,VILLA,170.0,250.0,36000.0,m2
GUAYAQUIL,ALQUILER,DEPARTAMENTO,120.0,2328.0,1100.0,m2
SALINAS,VENTA,VILLA,105.0,88.0,65000.0,m2
SALINAS,VENTA,VILLA,94.0,77.0,62000.0,m2
GUAYAQUIL,VENTA,CASA,177.0,180.0,103000.0,m2
GUAYAQUIL,VENTA,CASA,350.0,200.0,130000.0,m2
GUAYAQUIL,VENTA,CASA,350.0,500.0,370000.0,m2
GUAYAQUIL,ALQUILER,CASA,480.0,700.0,3000.0,m2
GUAYAQUIL,VENTA,DEPARTAMENTO,170.0,2328.0,250000.0,m2
GUAYAQUIL,VENTA,CASA,470.0,650.0,550000.0,m2
GUAYAQUIL,ALQUILER,CASA,470.0,650.0,3500.0,m2
GUAYAQUIL,ALQUILER,DEPARTAMENTO,97.0,2328.0,800.0,m2
GUAYAQUIL,VENTA,DEPARTAMENTO,160.0,2328.0,85000.0,m2
GUAYAQUIL,VENTA,SUITE,40.0,2328.0,46322.0,m2
GUAYAQUIL,VENTA,VILLA,730.0,1400.0,750000.0,m2
SALINAS,VENTA,CASA,81.0,108.0,35000.0,m2
SALINAS,ALQUILER,VILLA,350.0,450.0,1500.0,m2
GUAYAQUIL,VENTA,DEPARTAMENTO,200.0,2328.0,100000.0,m2
GUAYAQUIL,ALQUILER,OFICINA,400.0,2328.0,4800.0,m2
GUAYAQUIL,ALQUILER,OFICINA,40.0,2328.0,700.0,m2
GUAYAQUIL,VENTA,CASA,600.0,560.0,205000.0,m2
GUAYAQUIL,ALQUILER,CASA,220.0,2328.0,1300.0,m2
GUAYAQUIL,ALQUILER,DEPARTAMENTO,180.0,2328.0,680.0,m2
GUAYAQUIL,ALQUILER,CASA,104.0,136.0,430.0,m2
GUAYAQUIL,VENTA,CASA,457.0,466.0,380000.0,m2
GUAYAQUIL,ALQUILER,DEPARTAMENTO,145.0,2328.0,1500.0,m2
GUAYAQUIL,VENTA,DEPARTAMENTO,165.0,2328.0,185000.0,m2
GUAYAQUIL,ALQUILER,DEPARTAMENTO,165.0,2328.0,1800.0,m2
GUAYAQUIL,VENTA,CASA,210.0,311.0,185000.0,m2
GUAYAQUIL,VENTA,CASA,220.0,320.0,168000.0,m2
GUAYAQUIL,VENTA,CASA,230.0,250.0,220000.0,m2
GUAYAQUIL,VENTA,CASA,225.0,240.0,225000.0,m2
GUAYAQUIL,VENTA,CASA,220.0,317.0,220000.0,m2
GUAYAQUIL,ALQUILER,CASA,160.0,2328.0,1100.0,m2
GUAYAQUIL,ALQUILER,VILLA,250.0,200.0,1400.0,m2
GUAYAQUIL,VENTA,DEPARTAMENTO,310.0,2328.0,155000.0,m2
GUAYAQUIL,ALQUILER,DEPARTAMENTO,200.0,2328.0,530.0,m2
GUAYAQUIL,VENTA,DEPARTAMENTO,216.0,2328.0,90000.0,m2
GUAYAQUIL,ALQUILER,DEPARTAMENTO,120.0,2328.0,380.0,m2
GUAYAQUIL,VENTA,CASA,190.0,250.0,128000.0,m2
GUAYAQUIL,VENTA,CASA,284.0,448.0,120000.0,m2
GUAYAQUIL,ALQUILER,DEPARTAMENTO,200.0,2328.0,680.0,m2
GUAYAQUIL,ALQUILER,OFICINA,25.0,2328.0,250.0,m2
GUAYAQUIL,ALQUILER,VILLA,600.0,1000.0,2100.0,m2
GUAYAQUIL,VENTA,DEPARTAMENTO,80.0,2328.0,69950.0,m2
GUAYAQUIL,VENTA,DEPARTAMENTO,139.0,2328.0,93950.0,m2
GUAYAQUIL,VENTA,DEPARTAMENTO,150.0,2328.0,164500.0,m2
GUAYAQUIL,VENTA,DEPARTAMENTO,78.0,2328.0,65000.0,m2
GUAYAQUIL,VENTA,DEPARTAMENTO,186.0,2328.0,122000.0,m2
GUAYAQUIL,VENTA,VILLA,600.0,900.0,380000.0,m2
GUAYAQUIL,ALQUILER,DEPARTAMENTO,152.0,2328.0,1100.0,m2
GUAYAQUIL,VENTA,CASA,1000.0,3000.0,900000.0,m2
GUAYAQUIL,VENTA,VILLA,211.0,252.0,120000.0,m2
GUAYAQUIL,VENTA,DEPARTAMENTO,318.0,2328.0,120000.0,m2
GUAYAQUIL,VENTA,VILLA,330.0,240.0,175000.0,m2
GUAYAQUIL,VENTA,VILLA,259.0,240.0,235000.0,m2
GUAYAQUIL,VENTA,VILLA,127.0,240.0,73000.0,m2
GUAYAQUIL,VENTA,DEPARTAMENTO,160.0,2328.0,85000.0,m2
GUAYAQUIL,VENTA,PENTHOUSE,550.0,2328.0,185000.0,m2
GUAYAQUIL,VENTA,CASA,180.0,2328.0,130000.0,m2
GUAYAQUIL,ALQUILER,CASA,468.0,568.0,1700.0,m2
RUTA DEL SOL,VENTA,DEPARTAMENTO,94.0,2328.0,76900.0,m2
GUAYAQUIL,ALQUILER,DEPARTAMENTO,150.0,2328.0,600.0,m2
GUAYAQUIL,VENTA,DEPARTAMENTO,168.0,2328.0,140000.0,m2
GUAYAQUIL,VENTA,DEPARTAMENTO,120.0,2328.0,79000.0,m2
SALINAS,VENTA,VILLA,520.0,570.0,550000.0,m2
SALINAS,VENTA,TERRENO,1483.0,380.0,59000.0,m2
SALINAS,ALQUILER,VILLA,60.0,80.0,250.0,m2
GUAYAQUIL,VENTA,CASA,217.0,480.0,270000.0,m2
QUITO,VENTA,CONDOMINIO,100.0,2328.0,54000.0,m2
GUAYAQUIL,VENTA,EDIFICIO,931.0,200.0,180000.0,m2
GUAYAQUIL,VENTA,VILLA,480.0,480.0,320000.0,m2
GUAYAQUIL,VENTA,DEPARTAMENTO,200.0,2328.0,60000.0,m2
GUAYAQUIL,VENTA,DEPARTAMENTO,112.0,2328.0,35000.0,m2
GUAYAQUIL,ALQUILER,CASA,102.0,2328.0,400.0,m2
GUAYAQUIL,ALQUILER,CASA,190.0,300.0,1200.0,m2
GUAYAQUIL,VENTA,CASA,480.0,488.0,325000.0,m2
GUAYAQUIL,VENTA,BODEGA,390.0,430.0,340000.0,m2
GUAYAQUIL,VENTA,CONDOMINIO,280.0,2328.0,270000.0,m2
ESMERALDA,VENTA,CASA,480.0,488.0,320000.0,m2
GUAYAQUIL,VENTA,CASA,480.0,430.0,320000.0,m2
GUAYAQUIL,VENTA,TERRENO,1483.0,800.0,180000.0,m2
GUAYAQUIL,VENTA,CASA,190.0,318.0,220000.0,m2
GUAYAQUIL,VENTA,CASA,200.0,240.0,220000.0,m2
GUAYAQUIL,VENTA,CASA,190.0,318.0,220000.0,m2
ESMERALDA,VENTA,CONDOMINIO,313.0,2328.0,360000.0,m2
GUAYAQUIL,VENTA,CONDOMINIO,280.0,2328.0,315000.0,m2
GUAYAQUIL,VENTA,CASA DUPLEX,280.0,2328.0,315000.0,m2
GUAYAQUIL,VENTA,CONDOMINIO,258.0,2328.0,340000.0,m2
GUAYAQUIL,VENTA,CASA,225.0,2328.0,105000.0,m2
GUAYAQUIL,VENTA,DEPARTAMENTO,134.0,2328.0,58000.0,m2
GUAYAQUIL,VENTA,DEPARTAMENTO,74.0,2328.0,38000.0,m2
GUAYAQUIL,VENTA,OFICINA,45.0,2328.0,50000.0,m2
GUAYAQUIL,VENTA,CASA,160.0,90.0,98000.0,m2
GUAYAQUIL,ALQUILER,CASA,250.0,300.0,1350.0,m2
GUAYAQUIL,VENTA,CASA,250.0,240.0,220000.0,m2
GUAYAQUIL,VENTA,TERRENO,1483.0,160.0,20500.0,m2
GUAYAQUIL,VENTA,VILLA,92.0,72.0,45000.0,m2
GUAYAQUIL,VENTA,VILLA,178.0,400.0,158000.0,m2
GUAYAQUIL,ALQUILER,VILLA,200.0,2328.0,900.0,m2
PLAYAS,VENTA,TERRENO,1483.0,300.0,28000.0,m2
GUAYAQUIL,ALQUILER,CONSULTORIO,300.0,2328.0,1344.0,m2
GUAYAQUIL,ALQUILER,VILLA,620.0,800.0,2500.0,m2
ESMERALDA,VENTA,CASA,230.0,240.0,228000.0,m2
GUAYAQUIL,VENTA,CASA,365.0,500.0,465000.0,m2
GUAYAQUIL,VENTA,CASA,265.0,350.0,190000.0,m2
GUAYAQUIL,VENTA,CASA,1483.0,380.0,270000.0,m2
GUAYAQUIL,VENTA,OFICINA,1483.0,118.0,100000.0,m2
SALINAS,ALQUILER,VILLA,200.0,450.0,1000.0,m2
SALINAS,ALQUILER,VILLA,150.0,500.0,600.0,m2
SALINAS,ALQUILER,VILLA,180.0,300.0,700.0,m2
RUTA DEL SOL,VENTA,TERRENO,1483.0,375.0,16875.0,m2
GUAYAQUIL,VENTA,DEPARTAMENTO,107.0,107.0,79000.0,m2
GUAYAQUIL,VENTA,VILLA,860.0,956.0,650000.0,m2
GUAYAQUIL,VENTA,SUITE,41.0,2328.0,48000.0,m2
GUAYAQUIL,VENTA,DEPARTAMENTO,83.0,2328.0,80000.0,m2
SANTA. ELENA,VENTA,DEPARTAMENTO,159.0,2328.0,155000.0,m2
SANTA. ELENA,VENTA,DEPARTAMENTO,145.0,2328.0,115000.0,m2
SALINAS,ALQUILER,SUITE,40.0,2328.0,1000.0,m2
GUAYAQUIL,ALQUILER,VILLA,290.0,350.0,1700.0,m2
GUAYAQUIL,VENTA,VILLA,400.0,495.0,338000.0,m2
SALINAS,ALQUILER,DEPARTAMENTO,160.0,2328.0,2000.0,m2
GUAYAQUIL,VENTA,DEPARTAMENTO,97.0,2328.0,125000.0,m2
GUAYAS,VENTA,CASA,500.0,4000.0,450000.0,m2
GUAYAQUIL,VENTA,DEPARTAMENTO,70.0,2328.0,72000.0,m2
GUAYAQUIL,ALQUILER,DEPARTAMENTO,150.0,2328.0,830.0,m2
GUAYAQUIL,VENTA,DEPARTAMENTO,150.0,2328.0,128000.0,m2
GUAYAQUIL,VENTA,TERRENO,1483.0,3744.0,625000.0,m2
GUAYAQUIL,VENTA,CASA,245.0,250.0,170000.0,m2
GUAYAQUIL,VENTA,DEPARTAMENTO,155.0,2328.0,68000.0,m2
GUAYAQUIL,VENTA,DEPARTAMENTO,245.0,2328.0,95000.0,m2
GUAYAQUIL,VENTA,DEPARTAMENTO,145.0,2328.0,65000.0,m2
GUAYAQUIL,ALQUILER,CASA,122.0,183.0,550.0,m2
GUAYAQUIL,VENTA,VILLA,360.0,500.0,158000.0,m2
GUAYAQUIL,VENTA,CASA,1150.0,303.0,285000.0,m2
GUAYAQUIL,VENTA,DEPARTAMENTO,85.0,97.0,88000.0,m2
GUAYAQUIL,VENTA,DEPARTAMENTO,160.0,2328.0,120000.0,m2
GUAYAQUIL,VENTA,CASA,290.0,499.0,280000.0,m2
GUAYAQUIL,VENTA,VILLA,650.0,1000.0,550000.0,m2
PUNTA BLANCA,VENTA,DEPARTAMENTO,124.0,2328.0,105000.0,m2
GUAYAQUIL,VENTA,CASA,110.0,120.0,65000.0,m2
QUITO,VENTA,DEPARTAMENTO,57.0,57.0,32000.0,m2
GUAYAQUIL,ALQUILER,DEPARTAMENTO,106.0,106.0,950.0,m2
GUAYAQUIL,ALQUILER,VILLA,145.0,250.0,600.0,m2
GUAYAQUIL,ALQUILER,CASA,200.0,340.0,1200.0,m2
GUAYAQUIL,VENTA,VILLA,90.0,110.0,48000.0,m2
GUAYAQUIL,VENTA,VILLA,300.0,680.0,145000.0,m2
GUAYAQUIL,ALQUILER,OFICINA,67.0,2328.0,900.0,m2
GUAYAQUIL,ALQUILER,CASA DUPLEX,350.0,303.0,2300.0,m2
GUAYAQUIL,VENTA,DEPARTAMENTO,220.0,2328.0,350000.0,m2
LIBERTAD,VENTA,VILLA,420.0,400.0,320000.0,m2
GUAYAQUIL,VENTA,DEPARTAMENTO,203.0,2328.0,105000.0,m2
GUAYAQUIL,ALQUILER,SUITE,55.0,2328.0,360.0,m2
PLAYAS,VENTA,TERRENO,1483.0,300.0,30000.0,m2
GUAYAQUIL,ALQUILER,DEPARTAMENTO,100.0,2328.0,700.0,m2
GUAYAQUIL,VENTA,DEPARTAMENTO,120.0,2328.0,96000.0,m2
GUAYAQUIL,VENTA,LOCAL,100.0,2328.0,134950.0,m2
GUAYAQUIL,ALQUILER,DEPARTAMENTO,175.0,2328.0,1500.0,m2
GUAYAQUIL,VENTA,TERRENO,1483.0,333.0,49950.0,m2
GUAYAQUIL,VENTA,CASA,178.0,380.0,158000.0,m2
GUAYAQUIL,ALQUILER,DEPARTAMENTO,430.0,2328.0,750.0,m2
GUAYAQUIL,VENTA,DEPARTAMENTO,177.0,2328.0,75000.0,m2
GUAYAQUIL,VENTA,CASA,276.0,246.0,129000.0,m2
GUAYAQUIL,VENTA,DEPARTAMENTO,1483.0,98.0,108000.0,m2
GUAYAQUIL,VENTA,DEPARTAMENTO,176.0,2328.0,130000.0,m2
GUAYAQUIL,VENTA,CASA,290.0,600.0,199999.0,m2
SALINAS,VENTA,DEPARTAMENTO,250.0,2328.0,200000.0,m2
GUAYAQUIL,VENTA,TERRENO,1483.0,451.0,110000.0,m2
GUAYAQUIL,VENTA,DEPARTAMENTO,350.0,2328.0,180000.0,m2
GUAYAQUIL,VENTA,DEPARTAMENTO,97.0,2328.0,108000.0,m2
GUAYAQUIL,VENTA,DEPARTAMENTO,280.0,780.0,105000.0,m2
GUAYAQUIL,VENTA,CASA DUPLEX,206.0,290.0,185000.0,m2
GUAYAQUIL,VENTA,DEPARTAMENTO,160.0,2328.0,148000.0,m2
GUAYAQUIL,VENTA,VILLA,198.0,227.0,169000.0,m2
GUAYAQUIL,VENTA,CASA,246.0,223.0,128000.0,m2
GUAYAQUIL,ALQUILER,DEPARTAMENTO,100.0,2328.0,900.0,m2
GUAYAQUIL,ALQUILER,CASA,400.0,700.0,4000.0,m2
GUAYAQUIL,ALQUILER,DEPARTAMENTO,148.0,2328.0,1500.0,m2
GUAYAQUIL,VENTA,DEPARTAMENTO,120.0,2328.0,96000.0,m2
GUAYAQUIL,ALQUILER,VILLA,125.0,180.0,600.0,m2
GUAYAQUIL,VENTA,CASA,300.0,330.0,95000.0,m2
GUAYAQUIL,VENTA,VILLA,198.0,333.0,195000.0,m2
GUAYAQUIL,VENTA,CASA,300.0,425.0,325000.0,m2
GUAYAQUIL,VENTA,TERRENO,1483.0,1028.0,278000.0,m2
GUAYAQUIL,VENTA,CASA,550.0,1200.0,585000.0,m2
GUAYAQUIL,VENTA,CONDOMINIO,170.0,2328.0,268000.0,m2
GUAYAQUIL,VENTA,CASA,308.0,658.0,315000.0,m2
GUAYAQUIL,VENTA,VILLA,760.0,920.0,349000.0,m2
SALINAS,VENTA,DEPARTAMENTO,186.0,2328.0,285000.0,m2
GUAYAQUIL,VENTA,DEPARTAMENTO,270.0,2328.0,160000.0,m2
GUAYAQUIL,VENTA,CASA,700.0,1100.0,700000.0,m2
GUAYAQUIL,VENTA,CASA,170.0,308.0,75000.0,m2
GUAYAQUIL,VENTA,VILLA,174.0,200.0,164950.0,m2
GUAYAQUIL,ALQUILER,CASA,400.0,700.0,1700.0,m2
GUAYAQUIL,VENTA,CASA DUPLEX,160.0,170.0,158950.0,m2
GUAYAQUIL,VENTA,OFICINA,38.0,2328.0,68200.0,m2
GUAYAQUIL,VENTA,DEPARTAMENTO,77.0,2328.0,32000.0,m2
GUAYAQUIL,VENTA,OFICINA,51.0,2328.0,86400.0,m2
GUAYAQUIL,VENTA,CASA DUPLEX,160.0,180.0,161950.0,m2
GUAYAQUIL,ALQUILER,LOCAL,77.0,77.0,750.0,m2
GUAYAQUIL,VENTA,CASA,160.0,195.0,112500.0,m2
GUAYAQUIL,VENTA,CASA,240.0,240.0,230000.0,m2
GUAYAQUIL,VENTA,VILLA,500.0,800.0,200000.0,m2
GUAYAQUIL,VENTA,CASA,350.0,385.0,155000.0,m2
SALINAS,VENTA,VILLA,125.0,170.0,36000.0,m2
GUAYAQUIL,ALQUILER,DEPARTAMENTO,115.0,2328.0,580.0,m2
GUAYAQUIL,VENTA,EDIFICIO,3500.0,700.0,960000.0,m2
GUAYAQUIL,VENTA,DEPARTAMENTO,279.0,2328.0,270000.0,m2
GUAYAQUIL,VENTA,DEPARTAMENTO,409.0,2328.0,415000.0,m2
GUAYAQUIL,VENTA,TERRENO,1483.0,560.0,108000.0,m2
GUAYAQUIL,VENTA,CASA,419.0,460.0,320000.0,m2
GUAYAQUIL,VENTA,CASA,550.0,816.0,240000.0,m2
GUAYAQUIL,VENTA,CASA,200.0,225.0,169000.0,m2
GUAYAQUIL,VENTA,DEPARTAMENTO,267.0,2328.0,315000.0,m2
GUAYAQUIL,VENTA,CASA,170.0,220.0,206000.0,m2
GUAYAQUIL,VENTA,DEPARTAMENTO,115.0,2328.0,130000.0,m2
GUAYAQUIL,VENTA,CASA,230.0,316.0,210000.0,m2
GUAYAQUIL,VENTA,TERRENO,1483.0,2800.0,196000.0,m2
GUAYAQUIL,VENTA,TERRENO,1483.0,692.0,152500.0,m2
GUAYAQUIL,VENTA,TERRENO,1483.0,692.0,152400.0,m2
GUAYAQUIL,VENTA,TERRENO,1483.0,1020.0,265200.0,m2
GUAYAQUIL,VENTA,CASA,289.0,500.0,380000.0,m2
GUAYAQUIL,VENTA,DEPARTAMENTO,120.0,2328.0,150000.0,m2
GUAYAQUIL,VENTA,CASA,178.0,300.0,158000.0,m2
GUAYAQUIL,VENTA,DEPARTAMENTO,230.0,2328.0,100000.0,m2
GUAYAQUIL,VENTA,VILLA,100.0,153.0,68000.0,m2
GUAYAQUIL,VENTA,CASA,170.0,210.0,87500.0,m2
GUAYAQUIL,ALQUILER,VILLA,350.0,400.0,1500.0,m2
GUAYAQUIL,VENTA,DEPARTAMENTO,150.0,2328.0,79000.0,m2
GUAYAQUIL,VENTA,DEPARTAMENTO,130.0,2328.0,85000.0,m2
GUAYAQUIL,VENTA,DEPARTAMENTO,175.0,2328.0,98000.0,m2
GUAYAQUIL,ALQUILER,VILLA,280.0,500.0,3000.0,m2
GUAYAQUIL,VENTA,CASA,208.0,180.0,115000.0,m2
GUAYAQUIL,VENTA,CASA,140.0,160.0,82000.0,m2
GUAYAQUIL,ALQUILER,DEPARTAMENTO,110.0,183.0,450.0,m2
GUAYAQUIL,VENTA,DEPARTAMENTO,320.0,2328.0,155000.0,m2
GUAYAQUIL,VENTA,CASA,312.0,275.0,198000.0,m2
GUAYAQUIL,ALQUILER,LOCAL,30.0,2328.0,380.0,m2
GUAYAQUIL,ALQUILER,DEPARTAMENTO,125.0,2328.0,700.0,m2
GUAYAQUIL,ALQUILER,DEPARTAMENTO,125.0,2328.0,900.0,m2
GUAYAQUIL,ALQUILER,DEPARTAMENTO,95.0,2328.0,320.0,m2
GUAYAQUIL,ALQUILER,DEPARTAMENTO,100.0,2328.0,420.0,m2
GUAYAQUIL,VENTA,DEPARTAMENTO,95.0,2328.0,54000.0,m2
GUAYAQUIL,VENTA,DEPARTAMENTO,100.0,2328.0,73000.0,m2
GUAYAQUIL,ALQUILER,DEPARTAMENTO,115.0,2328.0,550.0,m2
GUAYAQUIL,ALQUILER,DEPARTAMENTO,120.0,2328.0,550.0,m2
GUAYAQUIL,ALQUILER,DEPARTAMENTO,120.0,2328.0,700.0,m2
RUTA DEL SOL,VENTA,DEPARTAMENTO,120.0,2328.0,85000.0,m2
GUAYAQUIL,VENTA,CASA,429.0,220.0,200000.0,m2
GUAYAQUIL,ALQUILER,Habitación,25.0,2328.0,150.0,m2
SALINAS,ALQUILER,CASA DUPLEX,42.0,300.0,300.0,m2
GUAYAQUIL,ALQUILER,VILLA,200.0,2328.0,1600.0,m2
GUAYAQUIL,ALQUILER,DEPARTAMENTO,100.0,2328.0,420.0,m2
GUAYAQUIL,VENTA,CASA,900.0,1200.0,580000.0,m2
GUAYAQUIL,VENTA,CONDOMINIO,125.0,2328.0,165000.0,m2
GUAYAQUIL,VENTA,CASA DUPLEX,151.0,2328.0,188000.0,m2
SALINAS,VENTA,DEPARTAMENTO,104.0,2328.0,110000.0,m2
GUAYAQUIL,VENTA,OFICINA,40.0,2328.0,74000.0,m2
GUAYAQUIL,VENTA,DEPARTAMENTO,150.0,2328.0,120000.0,m2
GUAYAQUIL,ALQUILER,SUITE,100.0,2328.0,500.0,m2
GUAYAQUIL,ALQUILER,VILLA,200.0,350.0,900.0,m2
GUAYAQUIL,VENTA,CONDOMINIO,200.0,2328.0,125000.0,m2
GUAYAQUIL,VENTA,CASA,200.0,330.0,170000.0,m2
GUAYAQUIL,ALQUILER,CASA,220.0,250.0,1200.0,m2
GUAYAQUIL,ALQUILER,CASA,220.0,2328.0,1500.0,m2
GUAYAQUIL,VENTA,SUITE,50.0,2328.0,95000.0,m2
GUAYAQUIL,VENTA,DEPARTAMENTO,115.0,2328.0,51000.0,m2
DURAN,VENTA,TERRENO,1483.0,14000.0,168000.0,m2
GUAYAQUIL,ALQUILER,OFICINA,750.0,1000.0,6500.0,m2
GUAYAQUIL,VENTA,SUITE,60.0,2328.0,53000.0,m2
GUAYAQUIL,ALQUILER,CASA,350.0,500.0,2200.0,m2
GUAYAQUIL,VENTA,CASA,220.0,324.0,185000.0,m2
GUAYAQUIL,ALQUILER,TERRENO,8190.0,2328.0,3000.0,m2
GUAYAQUIL,VENTA,SUITE,38.0,2328.0,26000.0,m2
GUAYAQUIL,VENTA,SUITE,50.0,2328.0,36000.0,m2
SALINAS,VENTA,DEPARTAMENTO,98.0,2328.0,140000.0,m2
CAPAES,VENTA,CASA,320.0,700.0,165000.0,m2
SALINAS,VENTA,DEPARTAMENTO,209.0,2328.0,250000.0,m2
PUNTA BLANCA,VENTA,DEPARTAMENTO,155.0,2328.0,134000.0,m2
GUAYAQUIL,VENTA,Hotel,476.0,166.0,220000.0,m2
PORTOVIEJO,VENTA,EDIFICIO,600.0,510.0,640000.0,m2
GUAYAQUIL,VENTA,CONDOMINIO,792.0,271.0,265000.0,m2
GUAYAQUIL,ALQUILER,DEPARTAMENTO,130.0,2328.0,650.0,m2
GUAYAQUIL,ALQUILER,SUITE,45.0,2328.0,350.0,m2
GUAYAQUIL,VENTA,CASA,200.0,230.0,170000.0,m2
GUAYAQUIL,VENTA,CASA DUPLEX,300.0,400.0,180000.0,m2
GUAYAQUIL,VENTA,VILLA,180.0,697.0,180000.0,m2
GUAYAQUIL,VENTA,CASA,1483.0,500.0,270000.0,m2
GUAYAQUIL,VENTA,DEPARTAMENTO,110.0,183.0,68000.0,m2
GUAYAQUIL,VENTA,DEPARTAMENTO,134.0,2328.0,144050.0,m2
GUAYAQUIL,ALQUILER,DEPARTAMENTO,280.0,2328.0,2100.0,m2
GUAYAQUIL,ALQUILER,SUITE,65.0,2328.0,300.0,m2
GUAYAQUIL,VENTA,DEPARTAMENTO,90.0,140.0,75000.0,m2
GUAYAQUIL,VENTA,PENTHOUSE,192.0,2328.0,200000.0,m2
GUAYAQUIL,VENTA,DEPARTAMENTO,110.0,2328.0,65000.0,m2
GUAYAQUIL,ALQUILER,DEPARTAMENTO,280.0,2328.0,2500.0,m2
GUAYAQUIL,ALQUILER,PENTHOUSE,320.0,2328.0,4500.0,m2
GUAYAQUIL,ALQUILER,OFICINA,105.0,2328.0,1300.0,m2
GUAYAQUIL,VENTA,DEPARTAMENTO,130.0,2328.0,58000.0,m2
GUAYAQUIL,VENTA,DEPARTAMENTO,165.0,255.0,155000.0,m2
GUAYAQUIL,ALQUILER,SUITE,50.0,2328.0,900.0,m2
GUAYAQUIL,VENTA,CASA,400.0,310.0,185000.0,m2
PUNTA CARNERO,VENTA,DEPARTAMENTO,50.0,2328.0,62000.0,m2
GUAYAQUIL,VENTA,CASA,620.0,800.0,600000.0,m2
GUAYAQUIL,ALQUILER,DEPARTAMENTO,160.0,2328.0,1000.0,m2
GUAYAQUIL,VENTA,CASA,190.0,254.0,173000.0,m2
GUAYAQUIL,ALQUILER,CASA DUPLEX,175.0,200.0,1000.0,m2
GUAYAQUIL,VENTA,CASA,300.0,425.0,350000.0,m2
GUAYAQUIL,ALQUILER,OFICINA,65.0,2328.0,450.0,m2
GUAYAQUIL,ALQUILER,OFICINA,45.0,2328.0,500.0,m2
GUAYAQUIL,ALQUILER,OFICINA,45.0,2328.0,500.0,m2
GUAYAQUIL,ALQUILER,SUITE,67.0,2328.0,700.0,m2
DURAN,VENTA,TERRENO,1483.0,91.0,7500.0,m2
DURAN,VENTA,TERRENO,1483.0,91.0,7500.0,m2
GUAYAQUIL,VENTA,CASA DUPLEX,235.0,254.0,215000.0,m2
DURAN,VENTA,TERRENO,1483.0,91.0,7500.0,m2
DURAN,VENTA,TERRENO,1483.0,91.0,7500.0,m2
DURAN,VENTA,TERRENO,1483.0,91.0,7500.0,m2
GUAYAQUIL,VENTA,CASA,126.0,141.0,79000.0,m2
DURAN,VENTA,TERRENO,1483.0,91.0,7500.0,m2
DURAN,VENTA,TERRENO,1483.0,91.0,7500.0,m2
DURAN,VENTA,TERRENO,1483.0,91.0,7500.0,m2
DURAN,VENTA,TERRENO,1483.0,91.0,7500.0,m2
GUAYAQUIL,VENTA,VILLA,700.0,1315.0,280000.0,m2
GUAYAQUIL,VENTA,CASA,550.0,1200.0,585000.0,m2
GUAYAQUIL,ALQUILER,CASA,280.0,400.0,2500.0,m2
DURAN,ALQUILER,LOCAL,40.0,2328.0,400.0,m2
DURAN,ALQUILER,LOCAL,100.0,2328.0,600.0,m2
GUAYAQUIL,ALQUILER,SUITE,68.0,2328.0,660.0,m2
GUAYAQUIL,VENTA,TERRENO,1483.0,320.0,45000.0,m2
GUAYAQUIL,VENTA,TERRENO,1483.0,320.0,45000.0,m2
GUAYAQUIL,VENTA,EDIFICIO,1500.0,1000.0,485000.0,m2
GUAYAQUIL,ALQUILER,DEPARTAMENTO,180.0,320.0,1500.0,m2
GUAYAQUIL,VENTA,EDIFICIO,845.0,555.0,350000.0,m2
GUAYAQUIL,VENTA,OFICINA,1483.0,86.0,60000.0,m2
GUAYAQUIL,VENTA,DEPARTAMENTO,185.0,2328.0,98000.0,m2
PLAYAS,VENTA,CASA,300.0,400.0,130000.0,m2
GUAYAQUIL,ALQUILER,SUITE,40.0,2328.0,400.0,m2
GUAYAQUIL,VENTA,DEPARTAMENTO,120.0,2328.0,82500.0,m2
PUNTA BLANCA,VENTA,DEPARTAMENTO,80.0,2328.0,52000.0,m2
GUAYAQUIL,VENTA,VILLA,143.0,242.0,98500.0,m2
GUAYAQUIL,ALQUILER,DEPARTAMENTO,97.0,97.0,850.0,m2
GUAYAQUIL,ALQUILER,SUITE,40.0,2328.0,160.0,m2
GUAYAQUIL,VENTA,TERRENO,1483.0,160.0,28000.0,m2
GUAYAQUIL,ALQUILER,DEPARTAMENTO,120.0,2328.0,1500.0,m2
GUAYAQUIL,VENTA,DEPARTAMENTO,160.0,2328.0,180000.0,m2
GUAYAQUIL,VENTA,CASA,200.0,300.0,160000.0,m2
GUAYAQUIL,VENTA,TERRENO,1483.0,613.0,137000.0,m2
GUAYAQUIL,VENTA,VILLA,467.0,450.0,350000.0,m2
GUAYAQUIL,VENTA,DEPARTAMENTO,107.0,2328.0,55000.0,m2
GUAYAQUIL,VENTA,TERRENO,1483.0,679.0,85000.0,m2
SALINAS,VENTA,DEPARTAMENTO,45.0,2328.0,50200.0,m2
GUAYAQUIL,VENTA,DEPARTAMENTO,134.0,2328.0,68000.0,m2
GUAYAQUIL,ALQUILER,DEPARTAMENTO,250.0,2328.0,2100.0,m2
GUAYAQUIL,ALQUILER,CASA,250.0,320.0,1700.0,m2
GUAYAQUIL,VENTA,DEPARTAMENTO,139.0,2328.0,185000.0,m2
GUAYAQUIL,VENTA,DEPARTAMENTO,120.0,2328.0,68000.0,m2
GUAYAQUIL,VENTA,CASA,500.0,1200.0,600000.0,m2
GUAYAQUIL,ALQUILER,DEPARTAMENTO,180.0,2328.0,1000.0,m2
GUAYAQUIL,VENTA,CASA,220.0,355.0,142000.0,m2
GUAYAQUIL,VENTA,OFICINA,37.0,50.0,65000.0,m2
GUAYAQUIL,VENTA,CASA,160.0,336.0,90000.0,m2
GUAYAQUIL,VENTA,CASA,115.0,121.0,79500.0,m2
GUAYAQUIL,VENTA,SUITE,50.0,2328.0,62000.0,m2
GUAYAQUIL,VENTA,DEPARTAMENTO,83.0,2328.0,86000.0,m2
GUAYAQUIL,ALQUILER,CASA,350.0,500.0,2800.0,m2
GUAYAQUIL,ALQUILER,CASA,350.0,550.0,2800.0,m2
DURAN,VENTA,CASA,70.0,90.0,27000.0,m2
DURAN,VENTA,CASA,70.0,100.0,30000.0,m2
GUAYAQUIL,VENTA,CASA,328.0,222.0,180000.0,m2
GUAYAQUIL,VENTA,VILLA,274.0,326.0,198000.0,m2
GUAYAQUIL,ALQUILER,LOCAL,100.0,2328.0,1200.0,m2
GUAYAQUIL,VENTA,DEPARTAMENTO,135.0,2328.0,110000.0,m2
GUAYAQUIL,VENTA,VILLA,430.0,500.0,370000.0,m2
GUAYAQUIL,VENTA,EDIFICIO,396.0,198.0,68000.0,m2
GUAYAQUIL,VENTA,VILLA,177.0,180.0,103000.0,m2
GUAYAQUIL,ALQUILER,CASA,200.0,2328.0,550.0,m2
GUAYAQUIL,VENTA,SUITE,57.0,2328.0,60000.0,m2
GUAYAQUIL,VENTA,TERRENO,1483.0,1000.0,100000.0,m2
GUAYAQUIL,VENTA,VILLA,220.0,355.0,148000.0,m2
GUAYAQUIL,ALQUILER,VILLA,150.0,220.0,800.0,m2
GUAYAQUIL,VENTA,CASA,205.0,280.0,225000.0,m2
GUAYAQUIL,VENTA,DEPARTAMENTO,100.0,2328.0,118000.0,m2
GUAYAQUIL,VENTA,VILLA,300.0,442.0,188000.0,m2
